-- phpMyAdmin SQL Dump
-- version 5.1.0
-- https://www.phpmyadmin.net/
--
-- Host: 127.0.0.1
-- Generation Time: May 19, 2022 at 10:43 AM
-- Server version: 10.4.19-MariaDB
-- PHP Version: 8.0.6

SET SQL_MODE = "NO_AUTO_VALUE_ON_ZERO";
START TRANSACTION;
SET time_zone = "+00:00";


/*!40101 SET @OLD_CHARACTER_SET_CLIENT=@@CHARACTER_SET_CLIENT */;
/*!40101 SET @OLD_CHARACTER_SET_RESULTS=@@CHARACTER_SET_RESULTS */;
/*!40101 SET @OLD_COLLATION_CONNECTION=@@COLLATION_CONNECTION */;
/*!40101 SET NAMES utf8mb4 */;

--
-- Database: `angrez`
--

-- --------------------------------------------------------

--
-- Table structure for table `admin`
--

CREATE TABLE `admin` (
  `id` int(11) NOT NULL,
  `firstname` varchar(45) DEFAULT NULL,
  `lastname` varchar(45) DEFAULT NULL,
  `email` varchar(45) DEFAULT NULL,
  `password` varchar(45) DEFAULT NULL,
  `isactive` tinyint(4) DEFAULT NULL,
  `adminrole` varchar(50) NOT NULL
) ENGINE=InnoDB DEFAULT CHARSET=utf8;

--
-- Dumping data for table `admin`
--

INSERT INTO `admin` (`id`, `firstname`, `lastname`, `email`, `password`, `isactive`, `adminrole`) VALUES
(1, 'Angrez', 'The Saloon', 'angrezthesalon@gmail.com', '22b596cc89584ab9a7a82ebf015ab43b763dc7b6', 0, 'Employee'),
(2, 'Pratyux', 'Bajaniya', 'pratyux@gmail.com', '22b596cc89584ab9a7a82ebf015ab43b763dc7b6', 0, 'Admin');

-- --------------------------------------------------------

--
-- Table structure for table `appointment`
--

CREATE TABLE `appointment` (
  `id` int(11) NOT NULL,
  `custid` int(11) NOT NULL,
  `empname` varchar(150) NOT NULL,
  `totalprice` bigint(100) NOT NULL,
  `totalpoint` bigint(100) NOT NULL,
  `totaltime` varchar(100) NOT NULL,
  `isactive` tinyint(1) NOT NULL,
  `createddate` date NOT NULL,
  `updatedate` datetime DEFAULT NULL,
  `ispayment` tinyint(1) NOT NULL
) ENGINE=InnoDB DEFAULT CHARSET=utf8mb4;

--
-- Dumping data for table `appointment`
--

INSERT INTO `appointment` (`id`, `custid`, `empname`, `totalprice`, `totalpoint`, `totaltime`, `isactive`, `createddate`, `updatedate`, `ispayment`) VALUES
(92, 25, 'undefined', 550, 55, '72', 0, '2022-03-28', '2022-03-28 16:40:28', 1),
(93, 25, 'undefined', 250, 25, '32', 0, '2022-03-28', '2022-03-29 11:10:25', 1),
(94, 25, 'undefined', 250, 25, '20', 0, '2022-03-28', '2022-03-29 11:11:17', 1),
(95, 27, 'undefined', 250, 25, '20', 0, '2022-03-29', '2022-03-29 12:43:46', 1),
(96, 25, 'undefined', 550, 55, '77', 0, '2022-03-29', '2022-03-29 12:43:49', 1),
(97, 25, 'undefined', 150, 15, '52', 0, '2022-03-29', '2022-03-29 12:43:51', 1),
(98, 25, 'undefined', 250, 25, '32', 0, '2022-03-29', '2022-03-30 10:39:24', 1),
(99, 26, 'undefined', 500, 50, '45', 0, '2022-03-31', '2022-03-31 12:18:31', 1),
(100, 25, 'undefined', 750, 75, '77', 0, '2022-04-01', '2022-04-01 10:26:33', 1),
(101, 27, 'undefined', 500, 50, '45', 0, '2022-04-01', '2022-04-01 10:27:17', 1);

-- --------------------------------------------------------

--
-- Table structure for table `customer`
--

CREATE TABLE `customer` (
  `id` int(11) NOT NULL,
  `fname` varchar(50) NOT NULL,
  `lname` varchar(50) NOT NULL,
  `email` varchar(150) NOT NULL,
  `contact` varchar(15) NOT NULL,
  `whatsapp` varchar(15) NOT NULL,
  `gender` varchar(15) NOT NULL,
  `createddate` date NOT NULL,
  `updateddate` datetime DEFAULT NULL,
  `address` varchar(150) DEFAULT NULL
) ENGINE=InnoDB DEFAULT CHARSET=utf8mb4;

--
-- Dumping data for table `customer`
--

INSERT INTO `customer` (`id`, `fname`, `lname`, `email`, `contact`, `whatsapp`, `gender`, `createddate`, `updateddate`, `address`) VALUES
(25, 'KARAN', 'KHATRI', 'x@gmail.com', '9484989199', '9484989199', 'male', '2022-01-19', '2022-01-19 09:17:43', NULL),
(26, 'DHRUV', 'MARVADI', 'x@gmail.com', '7802958421', '7802958421', 'male', '2022-01-19', '2022-01-19 09:17:27', NULL),
(27, 'RISHANG', 'PATEL', 'x@gmail.com', '9328233269', '9328233269', 'male', '2022-01-19', NULL, NULL),
(29, 'BHAGIRATH', 'BRAHMBHATT', 'x@gmail.com', '8866036532', '8866036532', 'male', '2022-01-19', NULL, NULL),
(30, 'HARSH', 'ZALA', 'X@GMAIL.COM', '9328839725', '9328839725', 'male', '2022-01-19', NULL, NULL),
(31, 'VISHAL', 'VAGHELA', 'x@gmail.com', '6353383855', '6353383855', 'male', '2022-01-19', NULL, NULL),
(32, 'DHRUMIT', 'SONI', 'x@gmail.com', '7621847499', '7621847499', 'male', '2022-01-19', NULL, NULL),
(33, 'VRUTAL', 'SONI', 'x@gmail.com', '7096661450', '7096661450', 'male', '2022-01-19', NULL, NULL),
(34, 'JAYESH', 'PATEL', 'x@gmail.com', '9537853660', '9537853660', 'male', '2022-01-19', NULL, NULL),
(35, 'KRISHNA', 'SAROJ', 'X@GMAIL.COM', '6356801989', '6356801989', 'male', '2022-01-19', NULL, NULL),
(36, 'JAZBAD', 'CHAVADA', 'x@gmail.com', '7405244635', '7405244635', 'male', '2022-01-19', NULL, NULL),
(37, 'JAZBAD', 'CHAVADA', 'x@gmail.com', '7405244635', '7405244635', 'male', '2022-01-19', NULL, NULL),
(38, 'JAY', 'PATEL', 'x@gmail.com', '9904815200', '9904815200', 'male', '2022-01-19', NULL, NULL),
(39, 'AKASH', 'TALPADA', 'X@GMAIL.COM', '7283927475', '7283927475', 'male', '2022-01-19', NULL, NULL),
(40, 'KRISHNA', 'SAROJ', 'X@GMAIL.COM', '6356801989', '6356801989', 'male', '2022-01-19', NULL, NULL),
(41, 'JAKSON', 'MACWAN', 'x@gmail.co', '9601598890', '9601598890', 'male', '2022-01-19', NULL, NULL),
(43, 'RUSHIKESH', 'X', 'X@GMAIL.COM', '9313425185', '9313425185', 'male', '2022-01-19', NULL, NULL),
(44, 'RUSHABH', 'TAKKAR', 'x@gmail.com', '9624545745', '9624545745', 'male', '2022-01-19', NULL, NULL),
(45, 'RAKESH', 'PATEL', 'x@gmail.com', '9879527452', '9879527452', 'male', '2022-01-19', NULL, NULL),
(46, 'PRERAK', 'SHAH', 'X@GMAIL.COM', '9510313349', '9510313349', 'male', '2022-01-19', NULL, NULL),
(47, 'SHIVAM', 'PARIKH', 'X@GMAIL.COM', '9773118677', '9773118677', 'male', '2022-01-19', NULL, NULL),
(48, 'MEET', 'PATEL', 'X@GMAIL.COM', '9016319089', '9016319089', 'male', '2022-01-19', NULL, NULL),
(49, 'KRISH', 'PATEL', 'x@gmail.com', '7203076954', '7203076954', 'male', '2022-01-19', NULL, NULL),
(50, 'SAGAR', 'X', 'X@GMAIL.COM', '9328299808', '9328299808', 'male', '2022-01-19', NULL, NULL),
(51, 'RUCHUT', 'X', 'X@GMAIL.COM', '9157413474', '9157413474', 'male', '2022-01-19', NULL, NULL),
(52, 'ANIL', 'VAISHNAV', 'X@GMAIL.COM', '9879808250', '9879808250', 'male', '2022-01-19', NULL, NULL),
(53, 'MEET', 'PATEL', 'x@gmail.com', '8154935423', '8154935423', 'male', '2022-01-19', NULL, NULL),
(54, 'SHANDIP', 'X', 'X@GMAIL.COM', '7359909844', '7359909844', 'male', '2022-01-19', NULL, NULL),
(55, 'AMIR', 'X', 'X@GMAIL.COM', '9898391870', '9898391870', 'male', '2022-01-19', NULL, NULL),
(56, 'TIRTH', 'DAVE', 'x@gmail.com', '7977956804', '7977956804', 'male', '2022-01-19', NULL, NULL),
(57, 'TIRTH', 'DAVE', 'x@gmail.com', '7977956804', '7977956804', 'male', '2022-01-19', NULL, NULL),
(58, 'MEET', 'PATEL', 'X@GMAIL.COM', '8469790760', '8469790760', 'male', '2022-01-19', NULL, NULL),
(59, 'JIGNESH', 'X', 'X@GMAIL.COM', '7359588123', '7359588123', 'male', '2022-01-19', NULL, NULL),
(60, 'MEHUL', 'PRAJAPATI', 'x@gmail.com', '9512603614', '9512603614', 'male', '2022-01-19', NULL, NULL),
(61, 'PARTH', 'VALAND', 'x@gmail.com', '9662392001', '9662392001', 'male', '2022-01-19', NULL, NULL),
(62, 'SAMIR', 'PATEL', 'X@GMAIL.COM', '9825281813', '9825281813', 'male', '2022-01-19', NULL, NULL),
(63, 'AMIT', 'X', 'X@GMAIL.COM', '7984642852', '7984642852', 'male', '2022-01-19', NULL, NULL),
(64, 'DIVYA', 'BHATT', 'X@GMAIL.COM', '9925018450', '9925018450', 'male', '2022-01-19', NULL, NULL),
(65, 'MURLI', 'PATEL', 'x@gmail.com', '9904184342', '9904184342', 'male', '2022-01-19', NULL, NULL),
(66, 'DHRUV', 'RATHVA', 'X@GMAIL.COM', '9510327954', '9510327954', 'male', '2022-01-19', NULL, NULL),
(67, 'ANKIT', 'SHAH', 'x@gmail.com', '9726736021', '9726736021', 'male', '2022-01-19', NULL, NULL),
(68, 'ARNAV', 'X', 'X@gmail.com', '9978341182', '9978341182', 'male', '2022-01-19', NULL, NULL),
(69, 'PARTH', 'GOHEL', 'X@GMAIL.COM', '9870040596', '9870040596', 'male', '2022-01-19', NULL, NULL),
(70, 'MEET', 'PATEL', 'x@gmail.com', '8154935423', '8154935423', 'male', '2022-01-19', NULL, NULL),
(71, 'SHIV', 'PARMAR', 'X@gmail.com', '9106484524', '9106484524', 'undefined', '2022-01-19', NULL, NULL),
(72, 'VIVAK', 'CHAVDA', 'X@GMAIL.COM', '9601624681', '9601624681', 'male', '2022-01-19', NULL, NULL),
(73, 'DHAVAL', 'SUTHAR', 'X@GMAIL.COM', '9737091914', '9737091914', 'male', '2022-01-19', NULL, NULL),
(74, 'SHANDIP', 'X', 'X@GMAIL.COM', '9635174313', '9635174313', 'male', '2022-01-19', NULL, NULL),
(75, 'YUG', 'PATEL', 'X@GMAIL.COM', '9574691283', '9574691283', 'male', '2022-01-19', NULL, NULL),
(76, 'BIREN', 'PATEL', 'X@GMAIL.COM', '9428649050', '9428649050', 'male', '2022-01-19', NULL, NULL),
(77, 'MIHIR', 'X', 'X@GMAIL.COM', '9898761481', '9898761481', 'male', '2022-01-19', NULL, NULL),
(78, 'DEEPAK', 'SOLANKI', 'x@gmail.com', '6353504634', '6353504634', 'male', '2022-01-19', NULL, NULL),
(79, 'MAHESH', 'SOLANKI', 'X@GMAIL.COM', '9510032545', '9510032545', 'male', '2022-01-19', NULL, NULL),
(80, 'NIKETAN', 'X', 'X@GMAIL.COM', '7046043333', '7046043333', 'male', '2022-01-19', '2022-01-19 09:32:06', NULL),
(81, 'JIGAR', 'PARMAR', 'X@GMAIL.COM', '6354940355', '6354940355', 'male', '2022-01-19', NULL, NULL),
(82, 'ARMAN', 'PATHAN', 'x@gmail.com', '9998641555', '9998641555', 'male', '2022-01-19', NULL, NULL),
(83, 'SACHiN', 'X', 'X@gamail.com', '9428536394', '9428536394', 'male', '2022-01-19', NULL, NULL),
(84, 'SAILESH', 'PARMAR', 'x@gmail.com', '9601755328', '9601755328', 'male', '2022-01-19', NULL, NULL),
(85, 'VISHAL', 'X', 'X@GMAIL.COM', '9173758640', '9173758640', 'male', '2022-01-19', NULL, NULL),
(86, 'YASH', 'X', 'X@GMAIL.COM', '8758588873', '8758588873', 'male', '2022-01-19', NULL, NULL),
(87, 'SANJIV', 'VISHVAKARMA', 'x@gmail.com', '9450976473', '9450976473', 'male', '2022-01-19', NULL, NULL),
(88, 'KABIR', 'PARMAR', 'X@GMAIL.COM', '8780049206', '8780049206', 'male', '2022-01-19', NULL, NULL),
(89, 'DC', 'PATEL', 'X@GMAIL.COM', '9638132375', '9638132375', 'male', '2022-01-19', NULL, NULL),
(90, 'JANI', 'GUNJAN', 'x@gmail.com', '7041636322', '7041636322', 'male', '2022-01-19', NULL, NULL),
(91, 'MITUL', 'SEJPAL', 'X@GMAIL.COM', '9033055661', '9033055661', 'male', '2022-01-19', NULL, NULL),
(92, 'JATIN', 'X', 'X@GMAIL.COM', '6356741342', '6356741342', 'male', '2022-01-19', NULL, NULL),
(93, 'APURVA', 'DESAI', 'X@GMAIL.COM', '8849519250', '8849519250', 'male', '2022-01-19', NULL, NULL),
(94, 'MIHIR', 'X', 'X@GMAIL.COM', '9327986116', '9327986116', 'male', '2022-01-19', NULL, NULL),
(95, 'PARCTIK', 'GOHEL', 'X@GMAIL.COM', '8140708555', '8140708555', 'male', '2022-01-19', NULL, NULL),
(96, 'HIMANSHU', 'X', 'X@gmail.com', '9714382902', '9714382902', 'male', '2022-01-19', NULL, NULL),
(97, 'JIGAR', 'X', 'X@GMAIL.COM', '8866793767', '8866793767', 'male', '2022-01-19', NULL, NULL),
(98, 'AFFAN', 'VOHRA', 'x@gmail.com', '7069433555', '7069433555', 'male', '2022-01-19', NULL, NULL),
(99, 'RAJESH', 'MAHIDA', 'X@GMAIL.COM', '8128207949', '8128207949', 'male', '2022-01-19', NULL, NULL),
(100, 'PREET', 'X', 'X@gmail.com', '9712563211', '9712563211', 'male', '2022-01-19', NULL, NULL),
(101, 'AYUSH', 'X', 'X@GMAIL.COM', '7990661674', '7990661674', 'male', '2022-01-19', NULL, NULL),
(102, 'VAIDIK', 'GOHEL', 'x@gmail.com', '9664500991', '9664500991', 'male', '2022-01-19', NULL, NULL),
(103, 'VRAJ', 'PATEL', 'X@GMAIL.COM', '7203975849', '7203975849', 'male', '2022-01-19', NULL, NULL),
(104, 'RONAK', 'X', 'X@gmil.com', '9924131088', '9924131088', 'undefined', '2022-01-19', NULL, NULL),
(105, 'DC', 'PATEL', 'x@gmail.com', '8155999982', '8155999982', 'male', '2022-01-19', NULL, NULL),
(106, 'OM', 'X', 'X@gmail.com', '8866211096', '8866211096', 'male', '2022-01-19', NULL, NULL),
(107, 'NIRMAL', 'TRIVEDI', 'X@GMAIL.COM', '8733946321', '8733946321', 'male', '2022-01-19', NULL, NULL),
(108, 'MUKES', 'RATHVA', 'x@gmail.com', '9099163222', '9099163222', 'male', '2022-01-19', NULL, NULL),
(109, 'DIPAK', 'DABHI', 'X@GMAIL.COM', '9106098449', '9106098449', 'male', '2022-01-19', NULL, NULL),
(110, 'NIKUL', 'PARMAR', 'X@GMAIL.COM', '8128163826', '8128163826', 'male', '2022-01-19', NULL, NULL),
(111, 'MAYUR', 'X', 'X@GMAIL.COM', '9016832122', '9016832122', 'male', '2022-01-19', NULL, NULL),
(112, 'DARSHAN', 'THAKKAR', 'x@gmail.com', '9409655585', '9409655585', 'male', '2022-01-19', NULL, NULL),
(113, 'MEHUL', 'PRAJAPATI', 'X@GMAIL.COM', '8460376984', '8460376984', 'male', '2022-01-19', NULL, NULL),
(114, 'MITUL', 'PATEL', 'X@gmail.com', '6354411806', '6354411806', 'male', '2022-01-19', NULL, NULL),
(115, 'MEHUL', 'CHAVDA', 'x@gmail.com', '9510175801', '9510175801', 'male', '2022-01-19', NULL, NULL),
(116, 'BIPIN', 'X', 'X@GMAIL.COM', '7227914708', '7227914708', 'male', '2022-01-19', NULL, NULL),
(117, 'SAMIR', 'PATEL', 'X@GMAIL.COM', '9825566316', '9825566316', 'male', '2022-01-19', NULL, NULL),
(118, 'JAY', 'MACWAN', 'x@gmail.com', '7778905933', '7778905933', 'male', '2022-01-19', NULL, NULL),
(119, 'MIHIE', 'SOLAKI', 'X@gmil.com', '9328976116', '9328976116', 'undefined', '2022-01-19', NULL, NULL),
(120, 'ANIL', 'VAISHNAV', 'X@GMAIL.COM', '9879808250', '9879808250', 'male', '2022-01-19', NULL, NULL),
(121, 'AMIT', 'RABARI', 'x@gmail.com', '7984642852', '7984642852', 'male', '2022-01-19', NULL, NULL),
(122, 'RUSHABH', 'X', 'X@GMAIL.COM', '9825604824', '9825604824', 'male', '2022-01-19', NULL, NULL),
(123, 'ANIKET', 'X', 'X@GMAIL.COM', '9054898394', '9054898394', 'male', '2022-01-19', NULL, NULL),
(124, 'MEHUL', 'SOLANKI', 'X@gmail.com', '9624399329', '9624399329', 'male', '2022-01-19', NULL, NULL),
(125, 'AFAN', 'X', 'X@GMAIL.COM', '7069433555', '7069433555', 'male', '2022-01-19', NULL, NULL),
(126, 'ANIL', 'MAHESH', 'x@gmail.com', '9925778893', '9925778893', 'male', '2022-01-19', NULL, NULL),
(127, 'RINKESH', 'PANCHAL', 'X@GMAIL.COM', '6353752883', '6353752883', 'male', '2022-01-19', NULL, NULL),
(128, 'NISHIL', 'PATEL', 'X@GMAIL.COM', '9978849493', '9978849493', 'male', '2022-01-19', NULL, NULL),
(129, 'SANDIP', 'PAREKH', 'X@GMAIL.COM', '9913249743', '9913249743', 'male', '2022-01-19', NULL, NULL),
(130, 'MANJIT', 'KUMAR', 'x@gmail.com', '7600042863', '7600042863', 'male', '2022-01-19', NULL, NULL),
(131, 'MAYANK', 'X', 'X@GMAIL.COM', '9904123418', '9904123418', 'male', '2022-01-19', NULL, NULL),
(132, 'CHIRAG', 'X', 'X@gmail.com', '7041009799', '7041009799', 'male', '2022-01-19', NULL, NULL),
(133, 'YOGESH', 'MAHESHWARI', 'X@GMAIL.COM', '9739097597', '9739097597', 'male', '2022-01-19', NULL, NULL),
(134, 'DHRUVESH', 'KAISWE', 'X@GMAIL.COM', '9512395568', '9512395568', 'male', '2022-01-19', NULL, NULL),
(135, 'KAMLESH', 'CHUHAN', 'x@gmail.com', '7016945755', '7016945755', 'male', '2022-01-19', NULL, NULL),
(136, 'ANAND', 'X', 'X@gmail.com', '9602888283', '9602888283', 'male', '2022-01-19', NULL, NULL),
(137, 'RAJU', 'X', 'X@GMAIL.COM', '9879877638', '9879877638', 'male', '2022-01-19', NULL, NULL),
(138, 'ANNI', 'x', 'x@gmail.com', '9824314560', '9824314560', 'male', '2022-01-19', NULL, NULL),
(139, 'MAHARSHI', 'DAVE', 'X@GMAIL.COM', '9978715660', '9978715660', 'male', '2022-01-19', NULL, NULL),
(140, 'BHAVIN', 'PARMAR', 'X@GMAIL.COM', '8886667814', '8886667814', 'male', '2022-01-19', NULL, NULL),
(141, 'BADAL', 'SOLANKI', 'X@gmail.com', '7878594888', '7878594888', 'male', '2022-01-19', NULL, NULL),
(142, 'SHURBH', 'KATARA', 'x@gmail.com', '9313605589', '9313605589', 'male', '2022-01-19', NULL, NULL),
(143, 'RAJ', 'CHASHTIYA', 'X@GMAIL.COM', '7096055349', '7096055349', 'male', '2022-01-19', NULL, NULL),
(144, 'RACHIT', 'PARMAR', 'x@gmail.com', '9157413474', '9157413474', 'male', '2022-01-19', NULL, NULL),
(145, 'JAYDIP', 'X', 'X@GMAIL.COM', '9013030265', '9013030265', 'male', '2022-01-19', NULL, NULL),
(146, 'SEFEENI', 'X', 'X@gmail.com', '7383054672', '7383054672', 'male', '2022-01-19', NULL, NULL),
(147, 'MOMAN', 'MECWAN', 'X@GMAIL.COM', '8128971575', '8128971575', 'male', '2022-01-19', NULL, NULL),
(148, 'NILESH', 'X', 'X@GMAIL.COM', '8320603691', '8320603691', 'male', '2022-01-19', NULL, NULL),
(149, 'PRATIK', 'MISTRI', 'X@gmail.com', '9033272952', '9033272952', 'male', '2022-01-19', NULL, NULL),
(150, 'SAURABH', 'X', 'X@GMAIL.COM', '8789763345', '8789763345', 'male', '2022-01-19', NULL, NULL),
(151, 'VIVEK', 'MACWAN', 'X@GMAIL.COM', '9409453165', '9409453165', 'male', '2022-01-19', NULL, NULL),
(152, 'PARTH', 'X', 'X@GMAIL.COM', '7874752526', '7874752526', 'male', '2022-01-19', NULL, NULL),
(153, 'JAY', 'X', 'X@gmail.com', '9328664517', '9328664517', 'male', '2022-01-19', NULL, NULL),
(154, 'DHARMENDRA', 'X', 'X@GMAIL.COM', '8866785899', '8866785899', 'male', '2022-01-19', NULL, NULL),
(155, 'ILESH', 'PATEL', 'x@gmail.com', '8488976900', '8488976900', 'male', '2022-01-19', NULL, NULL),
(156, 'HIREN', 'SONI', 'X@GMAIL.COM', '9904845651', '9904845651', 'male', '2022-01-19', NULL, NULL),
(157, 'ANSHU', 'X', 'X@GMAIL.COM', '8140343156', '8140343156', 'male', '2022-01-19', NULL, NULL),
(158, 'MANJIT', 'X', 'X@gmail.com', '7600042763', '7600042763', 'male', '2022-01-19', NULL, NULL),
(159, 'VIJAY', 'VAGHELA', 'X@gmail.com', '7046294561', '7046294561', 'male', '2022-01-19', NULL, NULL),
(160, 'SUMESH', 'X', 'X@GMAIL.COM', '8804965975', '8140343156', 'male', '2022-01-19', NULL, NULL),
(161, 'VISHALSINH', 'PARMAR', 'X@GMAIL.COM', '9316583223', '9316583223', 'male', '2022-01-19', NULL, NULL),
(162, 'ANKIT', 'X', 'X@GMAIL.COM', '9731485675', '9731485675', 'male', '2022-01-19', NULL, NULL),
(163, 'CHIRAG', 'X', 'X@gmail.com', '9712967989', '7046294561', 'male', '2022-01-19', NULL, NULL),
(164, 'PARTH', 'VAGHELA', 'x@gmail.com', '9106684040', '9106684040', 'male', '2022-01-19', NULL, NULL),
(165, 'RAKESH', 'X', 'X@GMAIL.COM', '9824503427', '9824503427', 'male', '2022-01-19', NULL, NULL),
(166, 'LATESH', 'X', 'X@GMAIL.COM', '9824439806', '9824439806', 'male', '2022-01-19', NULL, NULL),
(167, 'SURESH', 'X', 'X@GMAIL.COM', '8571114736', '8571114736', 'male', '2022-01-19', NULL, NULL),
(168, 'AAJIT', 'X', 'X@gmail.com', '8075294762', '8075294762', 'male', '2022-01-19', NULL, NULL),
(169, 'KABIR', 'PARMAR', 'X@GMAIL.COM', '8780049206', '8780049206', 'male', '2022-01-19', NULL, NULL),
(170, 'SAJAND', 'X', 'X@gmail.com', '9825729636', '9825729636', 'male', '2022-01-19', NULL, NULL),
(171, 'SAJAND', 'X', 'X@gmail.com', '9825729636', '9825729636', 'male', '2022-01-19', NULL, NULL),
(172, 'HARSH', 'PATEL', 'x@gmail.com', '7046715993', '7046715993', 'male', '2022-01-19', NULL, NULL),
(173, 'AKASH', 'X', 'X@GMAIL.COM', '9724121888', '9724121888', 'male', '2022-01-19', NULL, NULL),
(174, 'KRISHNA', 'DARJI', 'X@GMAIL.COM', '9737201210', '9737201210', 'male', '2022-01-19', NULL, NULL),
(175, 'KAUSHIK', 'X', 'X@GMAIL.COM', '9978341109', '9978341109', 'male', '2022-01-19', NULL, NULL),
(176, 'MAHRSHI', 'DAVE', 'X@gmail.com', '9978715660', '9978715660', 'male', '2022-01-19', NULL, NULL),
(177, 'VARIS', 'X', 'X@GMAIL.COM', '7016685103', '7016685103', 'male', '2022-01-19', NULL, NULL),
(178, 'SUJAL', 'X', 'X@GMAIL.COM', '7984865170', '7984865170', 'male', '2022-01-19', NULL, NULL),
(179, 'FEZAL', 'X', 'X@gmail.com', '9176095572', '9176095572', 'male', '2022-01-19', NULL, NULL),
(180, 'DEEP', 'X', 'X@GMAIL.COM', '9978509981', '9978509981', 'male', '2022-01-19', NULL, NULL),
(181, 'KIRAN', 'X', 'X@gmail.com', '9638279944', '9638279944', 'male', '2022-01-19', NULL, NULL),
(182, 'VRUTAL', 'SONI', 'X@GMAIL.COM', '7096661450', '7096661450', 'male', '2022-01-19', NULL, NULL),
(183, 'SAMIR', 'X', 'X@gmail.com', '9825566346', '9825566346', 'male', '2022-01-19', NULL, NULL),
(184, 'KUNAL', 'SHAH', 'X@GMAIL.COM', '9167034054', '9167034054', 'male', '2022-01-19', NULL, NULL),
(185, 'VISHVAJIT', 'SINH', 'X@GMAIL.COM', '8320887079', '8320887079', 'male', '2022-01-19', NULL, NULL),
(186, 'VISHAL', 'X', 'X@gmail.com', '9173758640', '9173758640', 'male', '2022-01-19', NULL, NULL),
(187, 'RAKESH', 'X', 'X@GMAIL.COM', '8128207949', '8128207949', 'male', '2022-01-19', NULL, NULL),
(188, 'KAMLESH', 'X', 'X@gmail.com', '9909404240', '9909404240', 'male', '2022-01-19', NULL, NULL),
(189, 'ANSH', 'X', 'X@GMAIL.COM', '9825255193', '9825255193', 'male', '2022-01-19', NULL, NULL),
(190, 'MIHIR', 'X', 'X@GMAIL.COM', '9327986116', '9327986116', 'male', '2022-01-19', NULL, NULL),
(191, 'DHRUV', 'X', 'X@GMAIL.COM', '8866465320', '8866465320', 'male', '2022-01-19', NULL, NULL),
(192, 'ATISH', 'X', 'X@gmail.com', '9924937880', '9924937880', 'male', '2022-01-19', NULL, NULL),
(193, 'ANKIT', 'X', 'X@GMAIL.COM', '9712708420', '9712708420', 'male', '2022-01-19', NULL, NULL),
(194, 'ANISH', 'THAKOR', 'X@GMAIL.COM', '6351105277', '6351105277', 'male', '2022-01-19', NULL, NULL),
(195, 'DHRUVIN', 'X', 'X@GMAIL.COM', '7622835157', '7622835157', 'male', '2022-01-19', NULL, NULL),
(196, 'SONU', 'VARMA', 'X@gmail.com', '7096526290', '7096526290', 'male', '2022-01-19', NULL, NULL),
(197, 'VISHAL', 'THAKOR', 'X@GMAIL.COM', '8511501870', '8511501870', 'male', '2022-01-19', NULL, NULL),
(198, 'PARTH', 'GOHEL', 'X@GMAIL.COM', '9870040596', '9870040596', 'male', '2022-01-19', NULL, NULL),
(199, 'ANSHUL', 'X', 'X@gmail.com', '9925593518', '9925593518', 'male', '2022-01-19', NULL, NULL),
(200, 'MAHIR', 'X', 'X@GMAIL.COM', '8758294200', '8758294200', 'male', '2022-01-19', NULL, NULL),
(201, 'BHARGAV', 'PATEL', 'X@GMAIL.COM', '9924540212', '9924540212', 'male', '2022-01-19', NULL, NULL),
(202, 'HIREN', 'X', 'X@gmail.com', '9904845651', '9904845651', 'male', '2022-01-19', NULL, NULL),
(203, 'JOY', 'MACWAN', 'X@GMAIL.COM', '6854022812', '6854022812', 'male', '2022-01-19', NULL, NULL),
(204, 'ANIKET', 'X', 'X@GMAIL.COM', '9724076663', '9724076663', 'male', '2022-01-19', NULL, NULL),
(205, 'SHARAT', 'X', 'X@gmail.com', '9428597781', '9428597781', 'male', '2022-01-19', NULL, NULL),
(206, 'ANKIT', 'PATEL', 'X@GMAIL.COM', '7284027704', '7284027704', 'male', '2022-01-19', NULL, NULL),
(207, 'HARSH', 'RATHOD', 'X@GMAIL.COM', '9879057397', '9879057397', 'male', '2022-01-19', NULL, NULL),
(208, 'DHRAV', 'PATEL', 'X@gmail.com', '9016817246', '9016817246', 'male', '2022-01-19', NULL, NULL),
(209, 'ALPESH', 'X', 'X@GMAIL.COM', '9974874967', '9974874967', 'male', '2022-01-19', NULL, NULL),
(210, 'MAYANK', 'PATEL', 'X@GMAIL.COM', '9328435211', '9328435211', 'male', '2022-01-19', NULL, NULL),
(211, 'CHINTAN', 'X', 'X@gmail.com', '9998966798', '9998966798', 'male', '2022-01-19', NULL, NULL),
(212, 'CHINTAN', 'X', 'X@gmail.com', '9998966798', '9998966798', 'male', '2022-01-19', NULL, NULL),
(213, 'FARAN', 'X', 'X@GMAIL.COM', '9157008278', '9157008278', 'male', '2022-01-19', NULL, NULL),
(214, 'NIKUL', 'X', 'X@GMAIL.COM', '8469924657', '8469924657', 'male', '2022-01-19', NULL, NULL),
(215, 'DAX', 'X', 'X@gmail.com', '9081428904', '9081428904', 'male', '2022-01-19', NULL, NULL),
(216, 'DOLLAR', 'X', 'X@GMAIL.COM', '7573873100', '7573873100', 'male', '2022-01-19', NULL, NULL),
(217, 'MAHESH', 'SOLANKI', 'X@GMAIL.COM', '9570032545', '9570032545', 'male', '2022-01-19', NULL, NULL),
(218, 'URMIT', 'X', 'X@GMAIL.COM', '8460976366', '8460976366', 'male', '2022-01-19', NULL, NULL),
(219, 'Vikas', 'X', 'X@gmail.com', '8511851143', '8511851143', 'male', '2022-01-19', NULL, NULL),
(220, 'ANIL', 'VAISHNAW', 'X@GMAIL.COM', '9879808350', '9879808350', 'male', '2022-01-19', NULL, NULL),
(221, 'HEMANT', 'KASHIKAR', 'X@GMAIL.COM', '9824022243', '9824022243', 'male', '2022-01-19', NULL, NULL),
(222, 'ANIL', 'X', 'X@gmail.com', '9879808250', '9879808250', 'male', '2022-01-19', NULL, NULL),
(223, 'PRATHAM', 'X', 'X@GMAIL.COM', '9429105121', '9429105121', 'male', '2022-01-19', NULL, NULL),
(224, 'ROMIR', 'X', 'X@GMAIL.COM', '8141027514', '8141027514', 'male', '2022-01-19', NULL, NULL),
(225, 'DHARMESH', 'MARVADI', 'X@GMAIL.COM', '9327686639', '9327686639', 'male', '2022-01-19', NULL, NULL),
(226, 'KUNJ', 'X', 'X@GMAIL.COM', '9913086680', '9913086680', 'male', '2022-01-19', NULL, NULL),
(227, 'FARAN', 'X', 'X@gmail.com', '9757008278', '9757008278', 'male', '2022-01-19', NULL, NULL),
(228, 'ANURAG', 'X', 'X@GMAIL.COM', '9205178797', '9205178797', 'male', '2022-01-19', NULL, NULL),
(229, 'LUCKY', 'X', 'X@gmail.com', '8460845088', '8460845088', 'male', '2022-01-19', NULL, NULL),
(230, 'NIKUL', 'ROHIT', 'X@GMAIL.COM', '7621039044', '7621039044', 'male', '2022-01-19', NULL, NULL),
(231, 'VIRAL', 'SHAH', 'X@GMAIL.COM', '9429415213', '9429415213', 'male', '2022-01-19', NULL, NULL),
(232, 'KASHYAP', 'X', 'X@GMAIL.COM', '9033800438', '9033800438', 'male', '2022-01-19', NULL, NULL),
(233, 'MEHUL', 'X', 'X@GMAIL.COM', '9327662516', '9327662516', 'male', '2022-01-19', NULL, NULL),
(234, 'MAHESH', 'SOLANKI', 'X@gmail.com', '9510032545', '8460845088', 'male', '2022-01-19', NULL, NULL),
(235, 'PRANAV', 'X', 'X@GMAIL.COM', '7265908464', '7265908464', 'male', '2022-01-19', NULL, NULL),
(236, 'DARSHAN', 'PATEL', 'X@GMAIL.COM', '8732912713', '8732912713', 'male', '2022-01-19', NULL, NULL),
(237, 'VIVEK', 'X', 'X@GMAIL.COM', '8401716965', '8401716965', 'male', '2022-01-19', NULL, NULL),
(238, 'HITESH', 'RATOOD', 'X@gmail.com', '8160644044', '8160644044', 'male', '2022-01-19', NULL, NULL),
(239, 'KATHAN', 'X', 'X@GMAIL.COM', '9725001270', '9725001270', 'male', '2022-01-19', NULL, NULL),
(240, 'DOLLAR', 'x', 'x@gmail.com', '7573873100', '7573873100', 'male', '2022-01-19', NULL, NULL),
(241, 'DOLLAR', 'x', 'x@gmail.com', '7573873100', '7573873100', 'male', '2022-01-19', NULL, NULL),
(242, 'GAVRAG', 'PRAJAPATI', 'X@gmail.com', '9725440245', '8160644044', 'male', '2022-01-19', NULL, NULL),
(243, 'PRATHAM', 'X', 'X@GMAIL.COM', '9429200040', '9429200040', 'male', '2022-01-19', NULL, NULL),
(244, 'VISHAL', 'MANAVNI', 'x@gmail.com', '9173758640', '9173758640', 'male', '2022-01-19', NULL, NULL),
(245, 'PARTH', 'SETH', 'x@gmail.com', '9909550885', '9909550885', 'male', '2022-01-19', NULL, NULL),
(246, 'ROHAN', 'X', 'X@gmail.com', '9586128029', '9586128029', 'male', '2022-01-19', NULL, NULL),
(247, 'ANGEL', 'X', 'x@gmail.com', '8511815966', '8511815966', 'male', '2022-01-19', NULL, NULL),
(248, 'BRIAN', 'X', 'X@GMAIL.COM', '9726477924', '9726477924', 'male', '2022-01-19', NULL, NULL),
(249, 'JANAK', 'X', 'X@gmail.com', '9898748494', '9898748494', 'undefined', '2022-01-19', NULL, NULL),
(250, 'MAHESH', 'SOLANKI', 'X@gmail.com', '9510032545', '9510032545', 'male', '2022-01-19', NULL, NULL),
(251, 'SNEHAL', 'X', 'X@GMAIL.COM', '9825351833', '9825351833', 'male', '2022-01-19', NULL, NULL),
(252, 'KARAN', 'X', 'X@GMAIL.COM', '9099509152', '9099509152', 'male', '2022-01-19', NULL, NULL),
(253, 'ROMIL', 'PATEL', 'X@GMAIL.COM', '7778873094', '7778873094', 'male', '2022-01-19', NULL, NULL),
(254, 'AYUSH', 'PRAJAPATI', 'X@gmail.com', '8128061141', '8128061141', 'male', '2022-01-19', NULL, NULL),
(255, 'SURESH', 'X', 'X@GMAIL.COM', '9624665768', '9624665768', 'male', '2022-01-19', NULL, NULL),
(256, 'HIREN', 'SONI', 'X@gmail.com', '9904845651', '9904845651', 'male', '2022-01-19', NULL, NULL),
(257, 'DHRUV', 'X', 'X@GMAIL.COM', '8320901981', '8320901981', 'male', '2022-01-19', NULL, NULL),
(258, 'RINKESH', 'PANCHAL', 'X@gmail.com', '6353752883', '6353752883', 'male', '2022-01-19', NULL, NULL),
(259, 'KEVAL', 'GHANDHIX', 'X@GMAIL.COM', '9033775630', '9033775630', 'male', '2022-01-19', NULL, NULL),
(260, 'KRUTIK', 'PATEL', 'X@gmail.com', '8320680905', '8320680905', 'male', '2022-01-19', NULL, NULL),
(261, 'MK', 'X', 'X@GMAIL.COM', '8160062877', '8160062877', 'male', '2022-01-19', NULL, NULL),
(262, 'SALIM', 'X', 'X@GMAIL.COM', '8320006463', '8320006463', 'male', '2022-01-19', NULL, NULL),
(263, 'VISHAL', 'RANA', 'X@gmail.com', '8735858585', '8735858585', 'male', '2022-01-19', NULL, NULL),
(264, 'SANKET', 'X', 'X@GMAIL.COM', '8866362031', '8866362031', 'male', '2022-01-19', NULL, NULL),
(265, 'DHAVAL', 'BHOJAN', 'X@GMAIL.COM', '9723242554', '9723242554', 'male', '2022-01-19', NULL, NULL),
(266, 'DHRUV', 'X', 'X@GMAIL.COM', '9428496384', '9428496384', 'male', '2022-01-19', NULL, NULL),
(267, 'AKSH', 'PRAJAPATI', 'X@gmail.com', '8780733228', '8780733228', 'male', '2022-01-19', NULL, NULL),
(268, 'UMESH', 'X', 'X@GMAIL.COM', '7059395445', '7059395445', 'male', '2022-01-19', NULL, NULL),
(269, 'DURGESH', 'X', 'X@gmail.com', '8238891907', '8238891907', 'male', '2022-01-19', NULL, NULL),
(270, 'ANKIT', 'TAKHOR', 'x@gmail.com', '9737485675', '9737485675', 'male', '2022-01-19', NULL, NULL),
(271, 'AKASH', 'X', 'X@gmail.com', '7987884913', '7987884913', 'undefined', '2022-01-19', NULL, NULL),
(272, 'NISHITH', 'X', 'x@gmail.com', '8200321291', '8200321291', 'male', '2022-01-19', NULL, NULL),
(273, 'LAVV', 'PATEL', 'X@GMAIL.COM', '9854519480', '9854519480', 'male', '2022-01-19', NULL, NULL),
(274, 'JIGAR', 'PANDYA', 'x@gmail.com', '9924987004', '9924987004', 'male', '2022-01-19', NULL, NULL),
(275, 'URVISH', 'PATEL', 'X@GMAIL.COM', '9924646413', '9924646413', 'male', '2022-01-19', NULL, NULL),
(276, 'VIKASH', 'X', 'X@GMAIL.COM', '7778097251', '7778097251', 'male', '2022-01-19', NULL, NULL),
(277, 'PARAH', 'X', 'X@gmail.com', '9033708116', '9033708116', 'male', '2022-01-19', NULL, NULL),
(278, 'DEEPAK', 'X', 'X@GMAIL.COM', '9727068323', '9727068323', 'male', '2022-01-19', NULL, NULL),
(279, 'RAKESH', 'CHAVDA', 'X@GMAIL.COM', '9537320345', '9537320345', 'male', '2022-01-19', NULL, NULL),
(280, 'VIPUL', 'SHAH', 'X@GMAIL.COM', '9429415213', '9429415213', 'male', '2022-01-19', NULL, NULL),
(281, 'NIKUL', 'RAJPUT', 'x@gmail.com', '8469924651', '8469924651', 'male', '2022-01-19', NULL, NULL),
(282, 'VRUTAL', 'SONI', 'X@GMAIL.COM', '7596661450', '7596661450', 'male', '2022-01-19', NULL, NULL),
(283, 'DEEP', 'PATEL', 'X@GMAIL.COM', '8780030974', '8780030974', 'male', '2022-01-19', NULL, NULL),
(284, 'PRIYANSU', 'BISWAS', 'x@gmail.com', '9601596441', '9601596441', 'male', '2022-01-19', NULL, NULL),
(285, 'PREET', 'PATEL', 'X@GMAIL.COM', '9918625049', '9918625049', 'male', '2022-01-19', NULL, NULL),
(286, 'PARTH', 'SETH', 'X@GMAIL.COM', '9095050885', '9095050885', 'male', '2022-01-19', NULL, NULL),
(287, 'SAURABH', 'X', 'X@GMAIL.COM', '9428912697', '9428912697', 'male', '2022-01-19', NULL, NULL),
(288, 'NIKHIL', 'PATEL', 'X@GMAIL.COM', '8460302130', '8460302130', 'male', '2022-01-19', NULL, NULL),
(289, 'ANKUR', 'ANSEIN', 'X@GMAIL.COM', '9925059633', '9925059633', 'male', '2022-01-19', NULL, NULL),
(290, 'ANIKET', 'X', 'X@GMAIL.COM', '7721009079', '7721009079', 'male', '2022-01-19', NULL, NULL),
(291, 'RUTURAJ', 'X', 'X@GMAIL.COM', '9316434418', '9316434418', 'male', '2022-01-19', NULL, NULL),
(292, 'MITUL', 'X', 'X@GMAIL.COM', '9099240004', '9099240004', 'male', '2022-01-19', NULL, NULL),
(293, 'SIAN', 'SONI', 'X@GMAIL.COM', '8866785899', '8866785899', 'male', '2022-01-19', NULL, NULL),
(294, 'SIAN', 'SONI', 'X@GMAIL.COM', '8866785899', '8866785899', 'male', '2022-01-19', NULL, NULL),
(295, 'VIKASH', 'X', 'X@GMAIL.COM', '9612215758', '9612215758', 'male', '2022-01-19', NULL, NULL),
(296, 'RAKESH', 'CHAVDA', 'X@GMAIL.COM', '9537320345', '9537320345', 'male', '2022-01-19', NULL, NULL),
(297, 'SAVAN', 'PATEL', 'X@GMAIL.COM', '7698242444', '7698242444', 'male', '2022-01-19', NULL, NULL),
(298, 'AKASH', 'X', 'X@GMAIL.COM', '7487884913', '7487884913', 'male', '2022-01-19', NULL, NULL),
(299, 'SHUBHAM', 'PANCHAL', 'X@GMAIL.COM', '7778021027', '7778021027', 'male', '2022-01-19', NULL, NULL),
(300, 'SUMIT', 'RABARI', 'X@GMAIL.COM', '7984642852', '7984642852', 'male', '2022-01-19', NULL, NULL),
(301, 'VISHAL', 'X', 'X@GMAIL.COM', '8849957691', '8849957691', 'male', '2022-01-19', NULL, NULL),
(302, 'VINAY', 'THAKKAR', 'X@GMAIL.COM', '7383307240', '7383307240', 'male', '2022-01-19', NULL, NULL),
(303, 'VIPUL', 'PATEL', 'X@GMAIL.COM', '7284890678', '7284890678', 'male', '2022-01-19', NULL, NULL),
(304, 'SULAY', 'X', 'X@GMAIL.COM', '9601283861', '9601283861', 'male', '2022-01-19', NULL, NULL),
(305, 'TRUSHAR', 'PARMAR', 'X@GMAIL.COM', '9601260288', '9601260288', 'male', '2022-01-19', NULL, NULL),
(306, 'CHINTAN', 'PATEL', 'X@GMAIL.COM', '9998966798', '9998966798', 'male', '2022-01-19', NULL, NULL),
(307, 'CHINTAN', 'PATEL', 'X@GMAIL.COM', '9998966798', '9998966798', 'male', '2022-01-19', NULL, NULL),
(308, 'CHINTAN', 'PATEL', 'X@GMAIL.COM', '9998966798', '9998966798', 'male', '2022-01-19', NULL, NULL),
(309, 'DHRUV', 'X', 'X@GMAIL.COM', '9033551511', '9033551511', 'male', '2022-01-19', NULL, NULL),
(310, 'DARSHAN', 'THAKKAR', 'X@GMAIL.COM', '9409655585', '9409655585', 'male', '2022-01-19', NULL, NULL),
(311, 'NIRMAL', 'THAKKAR', 'X@GMAIL.COM', '9624160026', '9624160026', 'male', '2022-01-19', NULL, NULL),
(312, 'NEEL', 'X', 'X@GMAIL.COM', '8160848426', '8160848426', 'male', '2022-01-19', NULL, NULL),
(313, 'KAMAL', 'THAKKAR', 'X@GMAIL.COM', '8905254530', '8905254530', 'male', '2022-01-19', NULL, NULL),
(314, 'RAJESH', 'RAJPUT', 'X@GMAIL.COM', '8849320083', '8849320083', 'male', '2022-01-19', NULL, NULL),
(315, 'BHARGAV', 'PATEL', 'X@GMAIL.COM', '9924540212', '9924540212', 'male', '2022-01-19', NULL, NULL),
(316, 'MITESH', 'X', 'X@GMAIL.COM', '7043109898', '7043109898', 'male', '2022-01-19', NULL, NULL),
(317, 'AJAY', 'THAKKAR', 'X@GMAIL.COM', '9773102548', '9773102548', 'male', '2022-01-19', NULL, NULL),
(318, 'SAILESH', 'PARMAR', 'X@GMAIL.COM', '9601755328', '9601755328', 'male', '2022-01-19', NULL, NULL),
(319, 'DHRUV', 'PATEL', 'X@GMAIL.COM', '9979555666', '9979555666', 'male', '2022-01-19', NULL, NULL),
(320, 'VISHAL', 'RATHOR', 'X@GMAIL.COM', '9737925306', '9737925306', 'male', '2022-01-19', NULL, NULL),
(321, 'AXIT', 'X', 'X@GMAIL.COM', '8758150131', '8758150131', 'male', '2022-01-19', NULL, NULL),
(322, 'DIKSHANT', 'X', 'X@GMAIL.COM', '8469482855', '8469482855', 'male', '2022-01-19', NULL, NULL),
(323, 'ANSHUL', 'X', 'X@GMAIL.COM', '9925592618', '9925592618', 'male', '2022-01-19', NULL, NULL),
(324, 'SAHIL', 'X', 'X@GMAIL.COM', '8320006463', '8320006463', 'male', '2022-01-19', NULL, NULL),
(325, 'MEET', 'X', 'X@GMAIL.COM', '9824095820', '9824095820', 'male', '2022-01-19', NULL, NULL),
(326, 'NAIM', 'RATHOD', 'X@GMAIL.COM', '9737122223', '9737122223', 'male', '2022-01-19', NULL, NULL),
(327, 'RAMESH', 'X', 'X@GMAIL.COM', '9898751013', '9898751013', 'male', '2022-01-19', NULL, NULL),
(328, 'SHREENIVASH', 'X', 'X@GMAIL.COM', '9935505878', '9935505878', 'male', '2022-01-19', NULL, NULL),
(329, 'JAYESH', 'X', 'X@GMAIL.COM', '9898100281', '9898100281', 'male', '2022-01-19', NULL, NULL),
(330, 'KARAN', 'X', 'X@GMAIL.COM', '7878770804', '7878770804', 'male', '2022-01-19', NULL, NULL),
(331, 'HATRDIK', 'PANCHAL', 'X@GMAIL.COM', '9904403341', '9904403341', 'male', '2022-01-19', NULL, NULL),
(332, 'HATRDIK', 'PANCHAL', 'X@GMAIL.COM', '9904403341', '9904403341', 'male', '2022-01-19', NULL, NULL),
(333, 'NIL', 'PATEL', 'X@GMAIL.COM', '7359329291', '7359329291', 'male', '2022-01-19', NULL, NULL),
(334, 'JANAK', 'X', 'X@GMAIL.COM', '9898748494', '9898748494', 'male', '2022-01-19', NULL, NULL),
(335, 'JINAY', 'SHAH', 'X@GMAIL.COM', '7984213617', '7984213617', 'male', '2022-01-19', NULL, NULL),
(336, 'SUNNY', 'X', 'X@GMAIL.COM', '7016677831', '7016677831', 'male', '2022-01-19', NULL, NULL),
(338, 'DEEP', 'X', 'X@GMAIL.COM', '9104299372', '9104299372', 'male', '2022-01-19', NULL, NULL),
(339, 'HIREN', 'X', 'X@GMAIL.COM', '9265823389', '9265823389', 'male', '2022-01-19', NULL, NULL),
(341, 'SAHIL', 'X', 'X@GMAIL.COM', '9726571791', '9726571791', 'male', '2022-01-19', NULL, NULL),
(342, 'SAHIL', 'X', 'X@GMAIL.COM', '9726571791', '9726571791', 'male', '2022-01-19', NULL, NULL),
(343, 'VIJAY', 'X', 'X@GMAIL.COM', '8320050908', '8320050908', 'male', '2022-01-19', NULL, NULL),
(344, 'KISHAN', 'X', 'X@GMAIL.COM', '9325999042', '9325999042', 'male', '2022-01-19', NULL, NULL),
(345, 'NAISHARK', 'X', 'X@GMAIL.COM', '8866902000', '8866902000', 'male', '2022-01-19', NULL, NULL),
(346, 'PRUHVIRAJ', 'X', 'X@GMAIL.COM', '7096513231', '7096513231', 'male', '2022-01-19', NULL, NULL),
(347, 'AYUSH', 'X', 'X@GMAIL.COM', '8128061141', '8128061141', 'male', '2022-01-19', NULL, NULL),
(348, 'AYUSH', 'X', 'X@GMAIL.COM', '8128061141', '8128061141', 'male', '2022-01-19', NULL, NULL),
(349, 'THUSHAR', 'X', 'X@GMAIL.COM', '9601260288', '9601260288', 'male', '2022-01-19', NULL, NULL),
(350, 'KAUNAL', 'PATEL', 'X@GMAIL.COM', '9601015046', '9601015046', 'male', '2022-01-19', NULL, NULL),
(351, 'SACHIN', 'X', 'X@GMAIL.COM', '9428536396', '9428536396', 'male', '2022-01-19', NULL, NULL),
(352, 'NEEL', 'X', 'X@GMAIL.COM', '8141068077', '8141068077', 'male', '2022-01-19', NULL, NULL),
(353, 'Sunil', 'X', 'X@GMAIL.COM', '9327672785', '9327672785', 'male', '2022-01-19', NULL, NULL),
(354, 'SAMIR', 'PATEL', 'X@GMAIL.COM', '9265989789', '9428536396', 'male', '2022-01-19', NULL, NULL),
(355, 'VISHAL', 'X', 'X@GMAIL.COM', '9316583223', '9316583223', 'male', '2022-01-19', NULL, NULL),
(356, 'IRFN', 'X', 'X@GMAIL.COM', '7990537989', '7990537989', 'male', '2022-01-19', NULL, NULL),
(358, 'HARSH', 'PATEL', 'X@GMAIL.COM', '0724328257', '0724328257', 'male', '2022-01-19', NULL, NULL),
(359, 'AADI', 'X', 'X@GMAIL.COM', '7990083110', '7990083110', 'male', '2022-01-19', NULL, NULL),
(360, 'ANKRT', 'X', 'X@GMAIL.COM', '9601046750', '9601046750', 'male', '2022-01-19', NULL, NULL),
(361, 'ALEX', 'X', 'X@GMAIL.COM', '9714553035', '9714553035', 'male', '2022-01-19', NULL, NULL),
(362, 'DIVYA', 'X', 'X@GMAIL.COM', '6354843831', '6354843831', 'male', '2022-01-19', NULL, NULL),
(363, 'DAX', 'X', 'X@GMAIL.COM', '9081428904', '9081428904', 'male', '2022-01-19', NULL, NULL),
(364, 'KEVAL', 'PATEL', 'X@GMAIL.COM', '7990797439', '7990797439', 'male', '2022-01-19', NULL, NULL),
(365, 'HARSH', 'SOLANKI', 'X@GMAIL.COM', '9173957338', '9173957338', 'male', '2022-01-19', NULL, NULL),
(366, 'DIVYA', 'RAJ', 'X@GMAIL.COM', '6354843831', '6354843831', 'male', '2022-01-19', NULL, NULL),
(367, 'HET', 'X', 'X@GMAIL.COM', '9906707882', '9906707882', 'male', '2022-01-19', NULL, NULL),
(368, 'SWAPNIL', 'X', 'X@GMAIL.COM', '0727264744', '0727264744', 'male', '2022-01-19', NULL, NULL),
(369, 'SWAPNIL', 'X', 'X@GMAIL.COM', '0727264744', '0727264744', 'male', '2022-01-19', NULL, NULL),
(370, 'NIKHIL', 'PATEL', 'X@GMAIL.COM', '8460302130', '8460302130', 'male', '2022-01-19', NULL, NULL),
(371, 'ROHAN', 'X', 'X@GMAIL.COM', '9033223448', '9033223448', 'male', '2022-01-19', NULL, NULL),
(372, 'PRATHAM', 'X', 'X@GMAIL.COM', '9429105121', '9429105121', 'male', '2022-01-19', NULL, NULL),
(373, 'PRATHAM', 'X', 'X@GMAIL.COM', '9429105121', '9429105121', 'male', '2022-01-19', NULL, NULL),
(374, 'NISHANT', 'X', 'X@GMAIL.COM', '9269662800', '9269662800', 'male', '2022-01-19', NULL, NULL),
(375, 'KEVAL', 'X', 'X@GMAIL.COM', '9033775030', '9033775030', 'male', '2022-01-19', NULL, NULL),
(376, 'HARSH', 'PARMAR', 'X@GMAIL.COM', '8320072269', '8320072269', 'male', '2022-01-19', NULL, NULL),
(377, 'YASH', 'X', 'X@GMAIL.COM', '8758588873', '8758588873', 'male', '2022-01-19', NULL, NULL),
(378, 'YIYANS', 'X', 'X@GMAIL.COM', '9904845651', '9904845651', 'male', '2022-01-19', NULL, NULL),
(379, 'JANAK', 'X', 'X@GMAIL.COM', '9898748494', '9898748494', 'male', '2022-01-19', NULL, NULL),
(380, 'DARSHAN', 'PARMAR', 'X@GMAIL.COM', '8347893728', '8347893728', 'male', '2022-01-19', NULL, NULL),
(381, 'SUNIL', 'X', 'X@GMAIL.COM', '7016106180', '7016106180', 'male', '2022-01-19', NULL, NULL),
(382, 'VRAJ', 'X', 'X@GMAIL.COM', '7203975849', '7203975849', 'male', '2022-01-19', NULL, NULL),
(383, 'VRAJ', 'X', 'X@GMAIL.COM', '7203975849', '7203975849', 'male', '2022-01-19', NULL, NULL),
(384, 'VRAJ', 'X', 'X@GMAIL.COM', '7203975849', '7203975849', 'male', '2022-01-19', NULL, NULL),
(385, 'MAYUR', 'VAGHELA', 'X@GMAIL.COM', '9277770007', '9277770007', 'male', '2022-01-19', NULL, NULL),
(386, 'RAJU', 'X', 'X@GMAIL.COM', '9574557517', '9574557517', 'male', '2022-01-19', NULL, NULL),
(387, 'MANDEEP', 'X', 'X@GMAIL.COM', '9904798405', '9904798405', 'male', '2022-01-19', NULL, NULL),
(388, 'VIKASH', 'X', 'X@GMAIL.COM', '9426757550', '9426757550', 'male', '2022-01-19', NULL, NULL),
(389, 'ARMAN', 'X', 'X@GMAIL.COM', '9998641585', '9998641585', 'male', '2022-01-19', NULL, NULL),
(390, 'RIYAN', 'X', 'X@GMAIL.COM', '9033373779', '9033373779', 'male', '2022-01-19', NULL, NULL),
(391, 'BHAVIK', 'X', 'X@GMAIL.COM', '8401574979', '8401574979', 'male', '2022-01-19', NULL, NULL),
(392, 'DHAVAL', 'X', 'X@GMAIL.COM', '9737091914', '9737091914', 'male', '2022-01-19', NULL, NULL),
(393, 'ANKIT', 'X', 'X@GMAIL.COM', '9737485675', '9737485675', 'male', '2022-01-19', NULL, NULL),
(395, 'VIJAY', 'X', 'X@GMAIL.COM', '9825062355', '9825062355', 'male', '2022-01-19', NULL, NULL),
(396, 'NIKETAN', 'X', 'X@GMAIL.COM', '7046043333', '7046043333', 'male', '2022-01-19', NULL, NULL),
(397, 'KARTIK', 'X', 'X@GMAIL.COM', '9825851848', '9825851848', 'male', '2022-01-19', NULL, NULL),
(398, 'SAVAN', 'PATEL', 'X@GMAIL.COM', '7698243444', '7698243444', 'male', '2022-01-19', NULL, NULL),
(399, 'DHAVAL', 'X', 'X@GMAIL.COM', '9787091914', '9787091914', 'male', '2022-01-19', NULL, NULL),
(400, 'THUSHAR', 'PARMAR', 'X@GMAIL.COM', '7698760585', '7698760585', 'male', '2022-01-19', NULL, NULL),
(401, 'NIKUL', 'X', 'X@GMAIL.COM', '9898562666', '9898562666', 'male', '2022-01-19', NULL, NULL),
(402, 'AKSHAY', 'SHARMA', 'X@GMAIL.COM', '8239387799', '8239387799', 'male', '2022-01-19', NULL, NULL),
(403, 'VIKASH', 'X', 'X@GMAIL.COM', '9672215758', '9672215758', 'male', '2022-01-19', NULL, NULL),
(404, 'DEEP', 'PATEL', 'X@GMAIL.COM', '8780030974', '8780030974', 'male', '2022-01-19', NULL, NULL),
(405, 'SNJAY', 'X', 'X@GMAIL.COM', '9825024948', '9825024948', 'male', '2022-01-19', NULL, NULL),
(406, 'DRUVIK', 'X', 'X@GMAIL.COM', '9687642140', '9687642140', 'male', '2022-01-19', NULL, NULL),
(407, 'KHUSHAL', 'PATEL', 'X@GMAIL.COM', '7069626629', '7069626629', 'male', '2022-01-19', NULL, NULL),
(410, 'DHRUV', 'PATEL', 'X@GMAIL.COM', '9428496384', '9428496384', 'male', '2022-01-19', NULL, NULL),
(411, 'SANDIP', 'X', 'X@GMAIL.COM', '9913249743', '9913249743', 'male', '2022-01-19', NULL, NULL),
(412, 'SAHER', 'X', 'X@GMAIL.COM', '9723291233', '9723291233', 'male', '2022-01-19', NULL, NULL),
(413, 'MANISH', 'X', 'X@GMAIL.COM', '9725440245', '9725440245', 'male', '2022-01-19', '2022-01-19 12:49:39', NULL),
(414, 'SARANG', 'X', 'X@GMAIL.COM', '6354068184', '6354065184', 'male', '2022-01-19', NULL, NULL),
(415, 'DEEP', 'PATEL', 'X@GMAIL.COM', '8888550024', '8888550024', 'male', '2022-01-19', NULL, NULL),
(416, 'Sahid', 'X', 'X@GMAIL.COM', '9974499438', '9974499438', 'male', '2022-01-19', NULL, NULL),
(417, 'KAROAN', 'PATEL', 'X@GMAIL.COM', '9924122928', '9924122928', 'male', '2022-01-19', NULL, NULL),
(418, 'DEV', 'X', 'X@GMAIL.COM', '9157448788', '9157448788', 'male', '2022-01-19', NULL, NULL),
(419, 'MANAN', 'PARMAR', 'X@GMAIL.COM', '8511743982', '8511743982', 'male', '2022-01-19', NULL, NULL),
(420, 'ANKIT', 'PARJAPATI', 'X@GMAIL.COM', '9081733013', '9081733013', 'male', '2022-01-19', NULL, NULL),
(421, 'OM', 'PATEL', 'X@GMAIL.COM', '9510337459', '9510337459', 'male', '2022-01-19', NULL, NULL),
(422, 'NIKHIL', 'X', 'X@GMAIL.COM', '7597783413', '7597783413', 'male', '2022-01-19', NULL, NULL),
(423, 'NIKUL', 'X', 'X@GMAIL.COM', '9898562666', '9898562666', 'male', '2022-01-19', NULL, NULL),
(424, 'NEEL', 'X', 'X@GMAIL.COM', '8000086926', '8000086926', 'male', '2022-01-19', NULL, NULL),
(425, 'MADAN', 'X', 'X@GMAIL.COM', '7798291425', '7798291425', 'male', '2022-01-19', NULL, NULL),
(426, 'MANESHA', 'X', 'X@GMAIL.COM', '7230822718', '7230822718', 'male', '2022-01-19', NULL, NULL),
(427, 'RUCHIT', 'PARMAR', 'X@GMAIL.COM', '9157413474', '9157413474', 'male', '2022-01-19', NULL, NULL),
(428, 'AYAZ', 'X', 'X@GMAIL.COM', '8202100161', '8201200161', 'male', '2022-01-19', NULL, NULL),
(429, 'RUSHIT', 'X', 'X@GMAIL.COM', '9737665677', '9737665677', 'male', '2022-01-19', NULL, NULL),
(430, 'FAIZAN', 'X', 'X@GMAIL.COM', '7383807831', '7383807831', 'male', '2022-01-19', NULL, NULL),
(431, 'VISHAL', 'X', 'X@GMAIL.COM', '9173758640', '9173758640', 'male', '2022-01-19', NULL, NULL),
(432, 'BHUMIK', 'X', 'X@GMAIL.COM', '8405574979', '8405574979', 'male', '2022-01-19', NULL, NULL),
(433, 'VIKASH', 'X', 'X@GMAIL.COM', '8750045401', '8750045401', 'male', '2022-01-19', NULL, NULL),
(434, 'SAHIL', 'X', 'X@GMAIL.COM', '8320006463', '8320006463', 'male', '2022-01-19', NULL, NULL),
(435, 'BHUMIK', 'X', 'X@GMAIL.COM', '8200395605', '8200395605', 'male', '2022-01-19', NULL, NULL),
(436, 'JAY', 'X', 'X@GMAIL.COM', '7096526292', '7096526292', 'male', '2022-01-19', NULL, NULL),
(437, 'SMIT', 'X', 'X@GMAIL.COM', '9727979751', '9727979751', 'male', '2022-01-19', NULL, NULL),
(438, 'HARSH', 'X', 'X@GMAIL.COM', '9909184931', '9909184931', 'male', '2022-01-19', NULL, NULL),
(439, 'SAMIR', 'X', 'X@GMAIL.COM', '9825281813', '9825281813', 'male', '2022-01-19', NULL, NULL),
(440, 'PARMANAND', 'CHAUHAN', 'X@GMAIL.COM', '9904438690', '9904438690', 'male', '2022-01-19', '2022-01-19 17:33:03', NULL),
(441, 'MANISH', 'X', 'X@GMAIL.COM', '6552957906', '6552957906', 'male', '2022-01-19', NULL, NULL),
(442, 'PRIT', 'KAKKD', 'X@GMAIL.COM', '7000220346', '7000220346', 'male', '2022-01-19', NULL, NULL),
(443, 'PARTH', 'X', 'X@GMAIL.COM', '1033708469', '1033708469', 'male', '2022-01-19', NULL, NULL),
(444, 'JAYNTI', 'X', 'X@GMAIL.COM', '9723567089', '9723567089', 'male', '2022-01-19', NULL, NULL),
(445, 'DHRUV', 'X', 'X@GMAIL.COM', '9016817246', '9016817246', 'male', '2022-01-19', NULL, NULL),
(446, 'LALU', 'X', 'X@GMAIL.COM', '9610358977', '9610358977', 'male', '2022-01-19', NULL, NULL),
(447, 'JAY', 'X', 'X@GMAIL.COM', '9909604104', '9909604104', 'male', '2022-01-19', NULL, NULL),
(448, 'NEEL', 'PATEL', 'X@GMAIL.COM', '9016319089', '9016319089', 'male', '2022-01-19', NULL, NULL),
(449, 'NEEL', 'PATEL', 'X@GMAIL.COM', '9016319089', '9016319089', 'male', '2022-01-19', NULL, NULL),
(450, 'CHETAN', 'X', 'X@GMAIL.COM', '9558430022', '9558430022', 'male', '2022-01-19', NULL, NULL),
(451, 'NIRAV', 'X', 'X@GMAIL.COM', '7874072509', '7874072509', 'male', '2022-01-19', NULL, NULL),
(452, 'SAMIR', 'X', 'X@GMAIL.COM', '9825281813', '9825281813', 'male', '2022-01-19', NULL, NULL),
(453, 'DAX', 'X', 'X@GMAIL.COM', '8140604005', '8140604005', 'male', '2022-01-19', NULL, NULL),
(454, 'BHAVIN', 'X', 'X@GMAIL.COM', '9773076081', '9773076081', 'male', '2022-01-19', NULL, NULL),
(455, 'VERMIL', 'X', 'X@GMAIL.COM', '8460976366', '8460976366', 'male', '2022-01-19', NULL, NULL),
(456, 'NIKHIL', 'X', 'X@GMAIL.COM', '9913573729', '9913573729', 'male', '2022-01-19', NULL, NULL),
(457, 'NIRMAL', 'TRIVEDI', 'X@GMAIL.COM', '8733946321', '8733946321', 'male', '2022-01-19', NULL, NULL),
(458, 'SHAILESH', 'VAGHELA', 'X@GMAIL.COM', '8488818472', '8488818472', 'male', '2022-01-19', NULL, NULL),
(459, 'NAREN', 'X', 'X@GMAIL.COM', '9558333001', '9558333001', 'male', '2022-01-19', NULL, NULL),
(460, 'SAGAR', 'X', 'X@GMAIL.COM', '9328299808', '9328299808', 'male', '2022-01-19', NULL, NULL),
(461, 'MAHIR', 'X', 'X@GMAIL.COM', '9601046750', '9601046750', 'male', '2022-01-19', NULL, NULL),
(462, 'ABHIJIT', 'CHAVDA', 'X@GMAIL.COM', '7984898408', '7984898408', 'male', '2022-01-19', NULL, NULL),
(463, 'ANIRUDH', 'SHARMA', 'X@GMAIL.COM', '7721009079', '7721009079', 'male', '2022-01-19', NULL, NULL),
(464, 'MITESH', 'SHAH', 'X@GMAIL.COM', '9925234369', '9925234369', 'male', '2022-01-19', NULL, NULL),
(465, 'RAKESH', 'X', 'X@GMAIL.COM', '9537320345', '9537320345', 'male', '2022-01-19', NULL, NULL),
(466, 'DEEP', 'PATEL', 'X@GMAIL.COM', '8750030974', '8750030974', 'male', '2022-01-19', NULL, NULL),
(467, 'PAVAN', 'SONI', 'X@GMAIL.COM', '9998003882', '9998003882', 'male', '2022-01-19', NULL, NULL),
(468, 'ZUBER', 'X', 'X@GMAIL.COM', '6355175179', '6355175179', 'male', '2022-01-19', NULL, NULL),
(469, 'NILESH', 'X', 'X@GMAIL.COM', '8984664046', '8984664046', 'male', '2022-01-19', NULL, NULL),
(470, 'JANAK', 'KATARIYA', 'X@GMAIL.COM', '9898948494', '9898948494', 'male', '2022-01-19', NULL, NULL),
(471, 'DHRUV', 'X', 'X@GMAIL.COM', '9687028054', '9687028054', 'male', '2022-01-19', NULL, NULL),
(472, 'RAKESH', 'SHAH', 'X@GMAIL.COM', '9824503427', '9824503427', 'male', '2022-01-19', NULL, NULL),
(473, 'BHAGIRATH', 'X', 'X@GMAIL.COM', '8866036532', '8866036532', 'male', '2022-01-19', NULL, NULL),
(474, 'RONAK', 'X', 'X@GMAIL.COM', '9726274776', '9726274776', 'male', '2022-01-19', NULL, NULL),
(475, 'VIKASH', 'X', 'X@GMAIL.COM', '9672215758', '9672215758', 'male', '2022-01-19', NULL, NULL),
(476, 'DINESH', 'TEJAVANI', 'X@GMAIL.COM', '9726274776', '9726274776', 'male', '2022-01-19', NULL, NULL),
(477, 'NEEL', 'PATEL', 'X@GMAIL.COM', '7201009026', '7201009026', 'male', '2022-01-19', NULL, NULL),
(482, 'vinod', 'x', 'X@GMAIL.COM', '9558333001', '9558333001', 'male', '2022-01-19', NULL, NULL),
(485, 'VISHAL', 'X', 'X@GMAIL.COM', '7043697223', '7043697223', 'male', '2022-01-19', NULL, NULL),
(487, 'ABIR', 'X', 'X@GMAIL.COM', '8866282643', '8866282643', 'male', '2022-01-19', NULL, NULL),
(488, 'RAJNI', 'X', 'X@GMAIL.COM', '9909147277', '9909147277', 'male', '2022-01-19', '2022-01-19 17:39:41', NULL),
(489, 'HARSHIL', 'X', 'X@GMAIL.COM', '7016756828', '7016756828', 'male', '2022-01-19', NULL, NULL),
(491, 'HEMANT', 'X', 'X@GMAIL.COM', '9824022243', '9824022243', 'male', '2022-01-19', NULL, NULL),
(492, 'DEEPAK', 'X', 'X@gmail.com', '9727068323', '9727068323', 'male', '2022-01-19', NULL, NULL),
(493, 'AMIT', 'RABARI', 'X@GMAIL.COM', '7984642852', '7984642852', 'male', '2022-01-19', NULL, NULL),
(494, 'VIRAL', 'JADAV', 'X@GMAIL.COM', '9624568996', '9624568996', 'male', '2022-01-19', NULL, NULL),
(495, 'RAKESH', 'CHAVDA', 'X@gmail.com', '9537320345', '9537320345', 'male', '2022-01-19', NULL, NULL),
(496, 'VIKASH', 'VAISHANAV', 'X@GMAIL.COM', '8511851143', '8511851143', 'male', '2022-01-19', NULL, NULL),
(497, 'RITU', 'GORKHA', 'X@GMAIL.COM', '8460071296', '8460071296', 'male', '2022-01-19', NULL, NULL),
(498, 'NILESH', 'X', 'X@gmail.com', '8984664046', '8984664046', 'male', '2022-01-19', NULL, NULL),
(499, 'ANIL', 'X', 'X@GMAIL.COM', '9879808250', '8511851143', 'male', '2022-01-19', NULL, NULL),
(500, 'DHRUV', 'X', 'X@gmail.com', '9687028054', '9687028054', 'male', '2022-01-19', NULL, NULL),
(501, 'GEET', 'PATEL', 'X@GMAIL.COM', '9925107257', '9925107257', 'male', '2022-01-19', NULL, NULL),
(502, 'SANJIV', 'X', 'X@GMAIL.COM', '9450976473', '9450976473', 'male', '2022-01-19', NULL, NULL),
(503, 'BHAGIRATH', 'X', 'X@gmail.com', '8866036532', '8866036532', 'male', '2022-01-19', NULL, NULL),
(505, 'RONAK', 'X', 'X@gmail.com', '9726274776', '9726274776', 'male', '2022-01-19', NULL, NULL),
(506, 'Samir', 'Patel', 'X@gmail.com', '9825566316', '9825566316', 'male', '2022-01-19', '2022-01-19 17:28:21', NULL),
(507, 'PAVAN', 'X', 'X@GMAIL.COM', '7060190265', '7060190265', 'male', '2022-01-19', NULL, NULL),
(510, 'VISHAL', 'VAISHNAV', 'X@gmail.com', '8511851143', '8511851143', 'male', '2022-01-19', '2022-01-19 17:34:12', NULL),
(512, 'VIJAY', 'THAKOR', 'X@GMAIL.COM', '9824439033', '9824536079', 'male', '2022-01-19', NULL, NULL),
(513, 'RAJU', 'X', 'X@gmail.com', '0879877638', '0879877638', 'male', '2022-01-19', '2022-01-19 17:34:54', NULL),
(516, 'MILAN', 'X', 'X@gmail.com', '8866489983', '8866489983', 'male', '2022-01-19', NULL, NULL),
(517, 'SAMIR', 'PATEL', 'X@gmail.com', '9825566316', '9825566316', 'male', '2022-01-19', NULL, NULL),
(519, 'MIHIR', 'PATEL', 'X@GMAIL.COM', '8200317077', '8200317077', 'male', '2022-01-19', NULL, NULL),
(521, 'TIRTH', 'DAVE', 'X@gmail.com', '7977956804', '7977956804', 'male', '2022-01-19', NULL, NULL),
(523, 'HITESH', 'X', 'X@gmail.com', '7060505123', '7060505123', 'male', '2022-01-19', NULL, NULL),
(524, 'NEEL', 'BEUJAMIN', 'X@gmail.com', '9426641270', '9426641270', 'male', '2022-01-19', NULL, NULL),
(527, 'MAYUR', 'X', 'X@gmail.com', '9624149931', '9624149931', 'male', '2022-01-19', NULL, NULL),
(528, 'BHUPENDR', 'X', 'X@gmail.com', '9106610468', '9106610468', 'male', '2022-01-19', NULL, NULL),
(531, 'MAHESH', 'SOLANKI', 'X@gmail.com', '9510032545', '9510032545', 'male', '2022-01-19', NULL, NULL),
(536, 'DIXIT', 'RABARI', 'X@gmail.com', '8469482855', '8469482855', 'male', '2022-01-19', NULL, NULL),
(537, 'MANJIL', 'KUMAR', 'X@gmail.com', '7600042763', '7600042763', 'male', '2022-01-19', NULL, NULL),
(540, 'VISHAL', 'X', 'X@gmail.com', '9574256606', '9574256606', 'male', '2022-01-19', NULL, NULL),
(542, 'YOGESH', 'X', 'X@gmail.com', '6361027711', '6361027711', 'male', '2022-01-19', NULL, NULL),
(544, 'JIGAR', 'X', 'X@gmail.com', '9558821247', '9558821247', 'male', '2022-01-19', NULL, NULL),
(545, 'Sagar', 'X', 'X@gmail.com', '9825186531', '9825186531', 'male', '2022-01-19', NULL, NULL),
(548, 'SNEH', 'X', 'X@gmail.com', '9913022105', '9913022105', 'male', '2022-01-19', NULL, NULL),
(550, 'ANIRUDH', 'X', 'X@gmail.com', '7721009079', '7721009079', 'male', '2022-01-19', NULL, NULL),
(551, 'NIRMAL', 'TRIVEDI', 'X@gmail.com', '8733946321', '8733946321', 'male', '2022-01-19', NULL, NULL),
(552, 'AZAZ', 'VHOHRA', 'X@gmail.com', '8140202760', '8140202760', 'male', '2022-01-19', NULL, NULL),
(553, 'MANAV', 'MAKAWANA', 'X@gmail.com', '8128197157', '8128197157', 'male', '2022-01-19', NULL, NULL),
(554, 'JAYESH', 'PATEL', 'X@gmail.com', '9913411995', '9913411995', 'male', '2022-01-19', NULL, NULL),
(555, 'SHUBHAM', 'X', 'X@gmail.com', '8980509836', '8980509836', 'male', '2022-01-19', NULL, NULL),
(556, 'AFAN', 'X', 'X@gmail.com', '7069433555', '7069433555', 'male', '2022-01-19', NULL, NULL),
(557, 'ANSUL', 'X', 'X@gmail.com', '9925592618', '9925592618', 'male', '2022-01-19', NULL, NULL),
(559, 'MIHIR', 'PATEL', 'X@gmail.com', '9601091105', '9601091105', 'male', '2022-01-19', NULL, NULL),
(561, 'NIKUL', 'X', 'X@gmail.com', '7567060047', '7567060047', 'male', '2022-01-19', NULL, NULL),
(564, 'BHUPENDRA', 'X', 'X@gmail.com', '9825636764', '9825636764', 'male', '2022-01-19', NULL, NULL),
(565, 'BHUPENDRA', 'X', 'X@gmail.com', '9825636764', '9825636764', 'male', '2022-01-19', NULL, NULL),
(567, 'YASH', 'X', 'X@gmail.com', '8758588873', '8758588873', 'male', '2022-01-19', NULL, NULL),
(569, 'BHARAT', 'X', 'X@gmail.com', '9265202766', '9265202766', 'male', '2022-01-19', NULL, NULL),
(571, 'Shivam', 'Parikh', 'X@gmail.com', '9773118671', '9773118671', 'male', '2022-01-19', NULL, NULL),
(573, 'SANKAR', 'X', 'X@gmail.com', '6353175941', '6353175941', 'male', '2022-01-19', NULL, NULL),
(574, 'ARVIND', 'X', 'X@gmail.com', '9726867628', '9726867628', 'male', '2022-01-19', NULL, NULL),
(576, 'VISHAL', 'X', 'X@gmail.com', '9173758640', '9173758640', 'male', '2022-01-19', NULL, NULL),
(577, 'VISHNU', 'X', 'X@gmail.com', '7202814036', '7202814036', 'male', '2022-01-19', NULL, NULL);
INSERT INTO `customer` (`id`, `fname`, `lname`, `email`, `contact`, `whatsapp`, `gender`, `createddate`, `updateddate`, `address`) VALUES
(578, 'ROHAN', 'X', 'X@gmail.com', '9586128029', '9586128029', 'male', '2022-01-19', NULL, NULL),
(579, 'GOVIND', 'X', 'X@gmail.com', '7984692214', '7984692214', 'male', '2022-01-19', NULL, NULL),
(582, 'DHRUV', 'X', 'X@gmail.com', '8320993811', '8320993811', 'male', '2022-01-19', NULL, NULL),
(583, 'VIKAS', 'VAISHNAV', 'X@gmail.com', '8511851143', '8511851143', 'male', '2022-01-19', NULL, NULL),
(585, 'JAY', 'X', 'X@gmail.com', '9979059125', '9979059125', 'male', '2022-01-19', NULL, NULL),
(587, 'JANAK', 'X', 'X@gmail.com', '9898748494', '9898748494', 'male', '2022-01-19', NULL, NULL),
(588, 'KP', 'X', 'X@gmail.com', '7203076955', '7203076955', 'male', '2022-01-19', NULL, NULL),
(590, 'DEVENDRA', 'X', 'X@gmail.com', '8200469654', '8200469654', 'male', '2022-01-19', NULL, NULL),
(591, 'PUNIT', 'X', 'X@gmail.com', '9913628841', '9913628841', 'male', '2022-01-19', NULL, NULL),
(594, 'DAX', 'X', 'X@gmail.com', '8140604005', '8140604005', 'male', '2022-01-19', NULL, NULL),
(596, 'MAHAVIR', 'X', 'X@gmail.com', '8849912811', '8849912811', 'male', '2022-01-19', NULL, NULL),
(597, 'KISHAN', 'X', 'X@gmail.com', '7405818683', '7405818683', 'male', '2022-01-19', NULL, NULL),
(600, 'DHIREN', 'PATEL', 'X@GMAIL.COM', '9904456722', '9904456722', 'male', '2022-01-19', NULL, NULL),
(604, 'SOM', 'X', 'X@gmail.com', '9978570987', '9978570987', 'male', '2022-01-19', NULL, NULL),
(605, 'NISHIL', 'PATEL', 'X@gmail.com', '9978849493', '9978849493', 'male', '2022-01-19', NULL, NULL),
(609, 'BHUMIK', 'X', 'X@gmail.com', '8200395708', '8200395708', 'male', '2022-01-19', NULL, NULL),
(612, 'HASHMUKH', 'X', 'X@gmail.com', '7405326509', '7405326509', 'male', '2022-01-19', NULL, NULL),
(613, 'AKSHAY', 'X', 'X@gmail.com', '8239387799', '8239387799', 'male', '2022-01-19', NULL, NULL),
(615, 'DHRUVIN', 'X', 'X@GMAIL.COM', '9687642140', '9687642140', 'male', '2022-01-19', NULL, NULL),
(616, 'JAVED', 'PATHAN', 'X@GMAIL.COM', '9157415786', '9157415786', 'male', '2022-01-19', NULL, NULL),
(617, 'RIKESH', 'X', 'X@GMAIL.COM', '6353752883', '6353752883', 'male', '2022-01-19', NULL, NULL),
(618, 'SONU', 'X', 'X@GMAIL.COM', '9979664777', '9979664777', 'male', '2022-01-19', NULL, NULL),
(619, 'VASIB', 'X', 'X@GMAIL.COM', '7016261908', '7016261908', 'male', '2022-01-19', NULL, NULL),
(622, 'ARUN', 'X', 'X@GMAIL.COM', '9989861011', '9989861011', 'male', '2022-01-19', NULL, NULL),
(624, 'SOMYA', 'X', 'X@GMAIL.COM', '9812823240', '9812823240', 'male', '2022-01-19', NULL, NULL),
(627, 'RUSHIT', 'X', 'X@GMAIL.COM', '9737665677', '9737665677', 'male', '2022-01-19', NULL, NULL),
(629, 'SANKET', 'X', 'X@GMAIL.COM', '8866362031', '8866362031', 'male', '2022-01-19', NULL, NULL),
(631, 'MAHENDRA', 'X', 'X@GMAIL.COM', '8160062877', '8160062877', 'male', '2022-01-19', NULL, NULL),
(632, 'MAHIR', 'X', 'X@GMAIL.COM', '6354231258', '6354231258', 'male', '2022-01-19', NULL, NULL),
(634, 'FAIZAL', 'X', 'X@GMAIL.COM', '9176095572', '9176095572', 'male', '2022-01-19', NULL, NULL),
(636, 'KIRTAN', 'X', 'X@GMAIL.COM', '9724699762', '9724699762', 'male', '2022-01-19', NULL, NULL),
(638, 'NIRMAL', 'X', 'X@GMAIL.COM', '9624160026', '9624160026', 'male', '2022-01-19', NULL, NULL),
(639, 'SAILESH', 'PARMAR', 'X@GMAIL.COM', '9601755328', '9601755328', 'male', '2022-01-19', NULL, NULL),
(641, 'ALPESH', 'X', 'X@GMAIL.COM', '8780733228', '8780733228', 'male', '2022-01-19', NULL, NULL),
(643, 'DHRUVIT', 'PATEL', 'X@GMAIL.COM', '9033061326', '9033061326', 'male', '2022-01-19', NULL, NULL),
(644, 'MALEK', 'PARMAR', 'X@GMAIL.COM', '8866504340', '8866504340', 'male', '2022-01-19', NULL, NULL),
(646, 'ANIL', 'X', 'X@GMAIL.COM', '9913454012', '9913454012', 'male', '2022-01-19', NULL, NULL),
(647, 'SAGAR', 'X', 'X@GMAIL.COM', '9328299808', '9328299808', 'male', '2022-01-19', NULL, NULL),
(649, 'KRUNAL', 'X', 'X@GMAIL.COM', '9167034054', '9167034054', 'male', '2022-01-19', NULL, NULL),
(651, 'BONNY', 'X', 'X@GMAIL.COM', '9601323189', '9601323189', 'male', '2022-01-19', NULL, NULL),
(652, 'SHIVAM', 'X', 'X@GMAIL.COM', '8347609339', '8347609339', 'male', '2022-01-19', NULL, NULL),
(654, 'DIPAK', 'X', 'X@GMAIL.COM', '7990398489', '7990398489', 'male', '2022-01-19', NULL, NULL),
(656, 'MANTHAN', 'X', 'X@GMAIL.COM', '9570340389', '9570340389', 'male', '2022-01-19', NULL, NULL),
(657, 'VIKAS', 'X', 'X@GMAIL.COM', '9672215758', '9672215758', 'male', '2022-01-19', NULL, NULL),
(659, 'MONTU', 'X', 'X@GMAIL.COM', '8980088899', '8980088899', 'male', '2022-01-19', NULL, NULL),
(660, 'ANKIT', 'X', 'X@GMAIL.COM', '9607046750', '9607046750', 'male', '2022-01-19', NULL, NULL),
(662, 'DEEP', 'X', 'X@GMAIL.COM', '9104299372', '9104299372', 'male', '2022-01-19', NULL, NULL),
(663, 'BALVINDRA', 'SINGH', 'X@GMAIL.COM', '9501360940', '9501360940', 'male', '2022-01-19', NULL, NULL),
(665, 'MAYUR', 'X', 'X@GMAIL.COM', '9726725657', '9726725657', 'male', '2022-01-19', NULL, NULL),
(666, 'RAKESH', 'X', 'X@GMAIL.COM', '8140829587', '8140829587', 'male', '2022-01-19', NULL, NULL),
(668, 'MAULIK', 'X', 'X@GMAIL.COM', '7046699650', '7046699650', 'male', '2022-01-19', NULL, NULL),
(676, 'seema', 'patel', 'X@GMAIL.COM', '9277484021', '9277484021', 'male', '2022-01-19', NULL, NULL),
(680, 'DHRUVA', 'PATEL', 'X@GMAIL.COM', '9725100588', '9725100588', 'male', '2022-01-19', NULL, NULL),
(688, 'KHUSBU', 'PRAJAPTI', 'X@GMAIL.COM', '9265148394', '9265148394', 'undefined', '2022-01-19', NULL, NULL),
(730, 'MEHERA', 'DIVAN', 'X@GMAIL.COM', '9624867206', '9624867206', 'male', '2022-01-19', NULL, NULL),
(978, 'Shubham', 'Patel', 'undefined', '8141952604', '8141952604', 'male', '2022-03-29', NULL, 'Vaibhav Commercial Complex\nBlock C, Grid road');

-- --------------------------------------------------------

--
-- Table structure for table `custservices`
--

CREATE TABLE `custservices` (
  `id` int(11) NOT NULL,
  `servicesid` int(11) NOT NULL,
  `servicesname` varchar(200) NOT NULL,
  `custid` int(10) NOT NULL,
  `appointmentid` int(11) NOT NULL,
  `employeename` varchar(50) NOT NULL,
  `empid` int(11) NOT NULL
) ENGINE=InnoDB DEFAULT CHARSET=utf8mb4;

--
-- Dumping data for table `custservices`
--

INSERT INTO `custservices` (`id`, `servicesid`, `servicesname`, `custid`, `appointmentid`, `employeename`, `empid`) VALUES
(178, 15, 'R Cleansing wash ', 25, 92, 'Sujal Sharma', 12),
(179, 20, 'R Hair upto waist', 25, 92, 'Imran Khalifa', 13),
(180, 17, 'R Relaxing wash', 25, 93, 'Aditya Parekh', 11),
(181, 18, 'R Hair uto shoulder ', 25, 94, 'Aditya Parekh', 11),
(182, 18, 'R Hair uto shoulder ', 27, 95, 'Sahid Khalifa', 14),
(183, 12, 'R Child Cut', 25, 96, 'Aditya Parekh', 11),
(184, 17, 'R Relaxing wash', 25, 96, 'Sunil Sharma', 16),
(185, 14, 'R Cleansing wash ', 25, 97, 'Aditya Parekh', 11),
(186, 17, 'R Relaxing wash', 25, 98, 'Pratyux Sir', 22),
(187, 9, 'R Director Cut', 26, 99, 'Aditya Parekh', 11),
(188, 9, 'R Director Cut', 25, 100, 'Aditya Parekh', 11),
(189, 16, 'R Relaxing wash', 25, 100, 'Sujal Sharma', 12),
(190, 9, 'R Director Cut', 27, 101, 'Aditya Parekh', 11);

-- --------------------------------------------------------

--
-- Table structure for table `employee`
--

CREATE TABLE `employee` (
  `id` int(11) NOT NULL,
  `fname` varchar(50) NOT NULL,
  `lname` varchar(50) NOT NULL,
  `contact` varchar(15) NOT NULL,
  `whatsapp` varchar(15) NOT NULL,
  `address` varchar(150) NOT NULL,
  `city` varchar(50) NOT NULL,
  `pincode` int(15) NOT NULL,
  `gender` varchar(100) NOT NULL,
  `isactive` tinyint(1) NOT NULL,
  `createddate` datetime NOT NULL,
  `updateddate` datetime DEFAULT NULL
) ENGINE=InnoDB DEFAULT CHARSET=utf8mb4;

--
-- Dumping data for table `employee`
--

INSERT INTO `employee` (`id`, `fname`, `lname`, `contact`, `whatsapp`, `address`, `city`, `pincode`, `gender`, `isactive`, `createddate`, `updateddate`) VALUES
(11, 'Aditya', 'Parekh', '9925070337', '9925070337', '1dg', 'Anand', 388001, 'male', 1, '2022-01-12 05:54:11', '2022-01-19 07:58:52'),
(12, 'Sujal', 'Sharma', '9510745629', '9510745629', '2', 'Anand', 388001, 'male', 1, '2022-01-12 05:55:13', NULL),
(13, 'Imran', 'Khalifa', '8733966607', '8733966607', '3', 'Anand', 388001, 'male', 1, '2022-01-12 05:56:11', NULL),
(14, 'Sahid', 'Khalifa', '9898173004', '9898173004', '4', 'Petlad', 388450, 'male', 1, '2022-01-12 05:56:47', NULL),
(15, 'Mayank', 'Vaghela', '8401705268', '8401705268', '5', 'Anand', 388001, 'male', 1, '2022-01-12 05:58:23', NULL),
(16, 'Sunil', 'Sharma', '8511688036', '8511688036', '6', 'Anand', 388001, 'male', 1, '2022-01-12 06:00:28', NULL),
(22, 'Pratyux', 'Sir', '7862015958', '7862015958', 'a', 'Vaghasi', 388001, 'male', 1, '2022-01-12 06:30:10', NULL),
(23, 'Vinu', 'Sir', '9824289713', '9824289713', 'a', 'Anand', 388001, 'male', 1, '2022-01-12 06:31:03', NULL);

-- --------------------------------------------------------

--
-- Table structure for table `empservices`
--

CREATE TABLE `empservices` (
  `id` int(11) NOT NULL,
  `servicesid` int(11) NOT NULL,
  `servicesname` varchar(50) NOT NULL,
  `empid` int(11) NOT NULL
) ENGINE=InnoDB DEFAULT CHARSET=utf8mb4;

-- --------------------------------------------------------

--
-- Table structure for table `enquiry`
--

CREATE TABLE `enquiry` (
  `id` int(11) NOT NULL,
  `name` varchar(150) NOT NULL,
  `contact` varchar(50) NOT NULL,
  `dob` date NOT NULL,
  `emp` varchar(150) NOT NULL,
  `service` varchar(150) NOT NULL,
  `service1` varchar(150) NOT NULL,
  `certification` varchar(100) NOT NULL,
  `time` varchar(50) NOT NULL,
  `isactive` tinyint(1) NOT NULL,
  `createddate` datetime NOT NULL DEFAULT current_timestamp(),
  `updateddate` datetime DEFAULT NULL
) ENGINE=InnoDB DEFAULT CHARSET=utf8mb4;

-- --------------------------------------------------------

--
-- Table structure for table `otp`
--

CREATE TABLE `otp` (
  `id` int(11) NOT NULL,
  `userid` int(11) NOT NULL,
  `otp` int(5) NOT NULL,
  `createddate` date NOT NULL,
  `createdtime` time NOT NULL,
  `role` varchar(15) NOT NULL,
  `isactive` tinyint(1) NOT NULL
) ENGINE=InnoDB DEFAULT CHARSET=utf8mb4;

-- --------------------------------------------------------

--
-- Table structure for table `payment`
--

CREATE TABLE `payment` (
  `id` int(11) NOT NULL,
  `cid` int(11) NOT NULL,
  `appointmentid` int(11) NOT NULL,
  `cname` varchar(50) NOT NULL,
  `modeofpayment` varchar(50) NOT NULL,
  `tprice` int(11) NOT NULL,
  `tpoint` int(11) NOT NULL,
  `pdate` date NOT NULL,
  `createddate` datetime NOT NULL
) ENGINE=InnoDB DEFAULT CHARSET=utf8mb4;

--
-- Dumping data for table `payment`
--

INSERT INTO `payment` (`id`, `cid`, `appointmentid`, `cname`, `modeofpayment`, `tprice`, `tpoint`, `pdate`, `createddate`) VALUES
(9, 25, 92, 'KARAN KHATRI', 'GPay', 550, 55, '2022-03-28', '2022-03-28 16:40:28'),
(10, 25, 93, 'KARAN KHATRI', 'Cash', 250, 25, '2022-03-29', '2022-03-29 11:10:25'),
(11, 25, 94, 'KARAN KHATRI', 'GPay', 250, 25, '2022-03-29', '2022-03-29 11:11:17'),
(12, 27, 95, 'RISHANG PATEL', 'GPay', 250, 25, '2022-03-29', '2022-03-29 12:43:46'),
(13, 25, 96, 'KARAN KHATRI', 'Cash', 550, 55, '2022-03-29', '2022-03-29 12:43:49'),
(14, 25, 97, 'KARAN KHATRI', 'GPay', 150, 15, '2022-03-29', '2022-03-29 12:43:51'),
(15, 25, 98, 'KARAN KHATRI', 'GPay', 250, 25, '2022-03-30', '2022-03-30 10:39:24'),
(16, 26, 99, 'DHRUV MARVADI', 'Cash', 500, 50, '2022-03-31', '2022-03-31 12:18:31'),
(17, 25, 100, 'KARAN KHATRI', 'Cash', 750, 75, '2022-04-01', '2022-04-01 10:26:33'),
(18, 27, 101, 'RISHANG PATEL', 'GPay', 500, 50, '2022-04-01', '2022-04-01 10:27:16');

-- --------------------------------------------------------

--
-- Table structure for table `point`
--

CREATE TABLE `point` (
  `id` int(11) NOT NULL,
  `custid` int(11) NOT NULL,
  `totalcustpoint` bigint(10) NOT NULL
) ENGINE=InnoDB DEFAULT CHARSET=utf8mb4;

--
-- Dumping data for table `point`
--

INSERT INTO `point` (`id`, `custid`, `totalcustpoint`) VALUES
(30, 25, 175),
(31, 27, 75),
(32, 26, 50);

-- --------------------------------------------------------

--
-- Table structure for table `serviceslist`
--

CREATE TABLE `serviceslist` (
  `id` int(11) NOT NULL,
  `name` varchar(50) NOT NULL,
  `price` int(10) NOT NULL,
  `time` int(10) NOT NULL,
  `point` int(10) NOT NULL,
  `isactive` tinyint(1) NOT NULL,
  `createdate` datetime NOT NULL,
  `updateddate` datetime DEFAULT NULL
) ENGINE=InnoDB DEFAULT CHARSET=utf8mb4;

--
-- Dumping data for table `serviceslist`
--

INSERT INTO `serviceslist` (`id`, `name`, `price`, `time`, `point`, `isactive`, `createdate`, `updateddate`) VALUES
(9, 'R Director Cut', 500, 45, 50, 1, '2022-01-12 05:53:02', '2022-01-12 06:09:44'),
(11, 'R Master Cut', 400, 45, 40, 1, '2022-01-12 06:32:15', NULL),
(12, 'R Child Cut', 300, 45, 30, 1, '2022-01-12 06:33:55', '2022-01-12 06:34:45'),
(14, 'R Cleansing wash ', 150, 52, 15, 1, '2022-01-12 06:38:09', NULL),
(15, 'R Cleansing wash ', 150, 52, 15, 1, '2022-01-12 06:38:10', NULL),
(16, 'R Relaxing wash', 250, 32, 25, 1, '2022-01-12 06:39:34', NULL),
(17, 'R Relaxing wash', 250, 32, 25, 1, '2022-01-12 06:39:34', NULL),
(18, 'R Hair uto shoulder ', 250, 20, 25, 1, '2022-01-12 06:40:56', NULL),
(19, 'R Hair below shoulder', 300, 20, 30, 1, '2022-01-12 06:42:14', NULL),
(20, 'R Hair upto waist', 400, 20, 40, 1, '2022-01-12 06:42:56', NULL),
(21, 'R Ironing hair upto shoulder', 400, 40, 40, 1, '2022-01-12 06:44:44', NULL),
(22, 'R Ironing hair below shoulder', 500, 40, 50, 1, '2022-01-12 06:45:36', NULL),
(23, 'R Ironing hair upto waist', 700, 40, 70, 1, '2022-01-12 06:46:11', NULL),
(24, 'R Premium cleanup', 500, 29, 50, 1, '2022-01-12 06:50:21', NULL),
(25, 'R basic facial ', 800, 34, 80, 1, '2022-01-12 06:51:11', NULL),
(26, 'R LOREAL HAIR SPA  ONE SCOOP', 600, 100, 60, 1, '2022-01-12 08:02:41', NULL),
(27, 'R LOREAL HAIR SPA  TWO SCOOP ', 800, 99, 80, 1, '2022-01-12 08:04:37', NULL),
(28, 'R LOREAL HAIR SPA  TWO SCOOP ', 800, 99, 80, 1, '2022-01-12 08:04:37', NULL),
(29, 'R LOREAL HAIR SPA THREE SCOOP', 1000, 99, 100, 1, '2022-01-12 08:06:43', NULL),
(30, 'R POWER MIX HAIR UPTO NECK', 999, 62, 99, 1, '2022-01-12 08:07:57', NULL),
(31, 'R POWER MIX HAIR UPTO SHOULDER', 1099, 62, 109, 1, '2022-01-12 08:10:51', NULL),
(32, 'R POWER MIX HAIR BELOW SHOULDER', 1299, 62, 129, 1, '2022-01-12 08:16:33', NULL),
(33, 'R POWER MIX HAIR WAIST', 1499, 62, 149, 1, '2022-01-12 08:21:04', NULL),
(34, 'R SCALP TREATMENT ANTI DANDRUFF', 1400, 62, 140, 1, '2022-01-12 08:26:11', NULL),
(35, 'R SCALP TREATMENT INNER SPA', 1400, 62, 140, 1, '2022-01-12 08:27:48', NULL),
(36, 'R SCALP TREATMENT POLLUTION SCRUB', 1400, 62, 140, 1, '2022-01-12 08:29:10', NULL),
(37, 'R HEAD MASSAGE WITHOUT SHAMPOO', 400, 20, 40, 1, '2022-01-12 08:34:11', NULL),
(38, 'R HEAD MASSAGE WITH SHAMPOO', 550, 20, 55, 1, '2022-01-12 08:35:19', NULL),
(39, 'R PEDICURE BASIC WITHOUT MASSAGE', 500, 99, 50, 1, '2022-01-12 08:39:07', NULL),
(40, 'R PEDICURE STANDARD LOTUS', 1000, 104, 100, 1, '2022-01-12 08:41:13', NULL),
(41, 'R PEDICURE LUXURIOUS CHERYS', 1500, 104, 150, 1, '2022-01-12 08:43:50', NULL),
(42, 'R MANICURE BASIC WITHOUT MASSAGE', 500, 89, 50, 1, '2022-01-12 08:59:36', NULL),
(43, 'R MENICURE STANDARD LOTUS', 1000, 94, 100, 1, '2022-01-12 09:02:51', NULL),
(44, 'R MENICURE STANDARD LOTUS', 1000, 94, 100, 1, '2022-01-12 09:02:51', NULL),
(45, 'R MENICURE STANDARD LOTUS', 1000, 94, 100, 1, '2022-01-12 09:02:51', NULL),
(46, 'R MENICURE LUXURIOUS CHERYS', 1500, 94, 150, 1, '2022-01-12 09:05:35', NULL),
(47, 'R BODY SPA BODY MASSAGE ', 2000, 70, 200, 1, '2022-01-12 09:07:35', NULL),
(48, 'R BODY POLISH  WITH MASSAGE ', 4000, 110, 400, 1, '2022-01-12 09:09:02', NULL),
(49, 'R BODY SPA', 6000, 125, 600, 1, '2022-01-12 09:09:42', NULL),
(50, 'R Color Touchup two inch Premium', 800, 152, 80, 1, '2022-01-12 09:33:26', '2022-01-12 09:34:10'),
(51, 'R Color touchup two inch organic', 900, 152, 90, 1, '2022-01-12 09:39:02', NULL),
(52, 'R color touchup upto four  inch premimum', 1000, 152, 100, 1, '2022-01-12 10:40:51', NULL),
(53, 'R color touchup four inch organic ', 1200, 152, 120, 1, '2022-01-12 10:41:45', NULL),
(54, 'R Global color  hair upto neck premium', 1000, 152, 100, 1, '2022-01-12 10:46:57', NULL),
(55, 'R Global color hair upto neck  organic ', 1300, 152, 130, 1, '2022-01-12 10:56:36', NULL),
(56, 'R Global color hair upto shoulder premium', 1200, 152, 120, 1, '2022-01-12 11:02:05', NULL),
(57, 'R Global color hair upto shoulder organic', 1800, 152, 180, 1, '2022-01-12 11:03:34', NULL),
(58, 'R  Global color hair below shoulder premium', 1500, 152, 150, 1, '2022-01-12 11:05:36', NULL),
(59, 'R Global color hair below shoulder organic', 2200, 152, 220, 1, '2022-01-12 11:06:51', NULL),
(60, 'R Global color hair upto waist premium', 1800, 152, 180, 1, '2022-01-12 11:07:56', NULL),
(61, 'R Global color hair upto waist organic', 2500, 152, 250, 1, '2022-01-12 11:10:20', NULL),
(62, 'R Highlight color per streak ', 300, 60, 30, 1, '2022-01-12 11:12:28', NULL),
(63, 'R Highlight hair upto neck ', 1500, 60, 150, 1, '2022-01-12 11:14:11', '2022-01-12 11:17:33'),
(64, 'R Highlight hair upto shoulder', 2400, 60, 240, 1, '2022-01-12 11:16:37', NULL),
(65, 'R Highlight hair upto waist ', 4800, 60, 480, 1, '2022-01-12 11:22:50', NULL),
(66, 'R pre lightning color per streak', 300, 60, 30, 1, '2022-01-12 11:25:57', NULL),
(67, 'R pre lightning hair upto neck ', 600, 60, 60, 1, '2022-01-12 11:26:47', NULL),
(68, 'R Pre lightning hair upto shoulder ', 1000, 60, 100, 1, '2022-01-12 11:27:48', NULL),
(69, 'R Pre lightning hair below  shoulder ', 1300, 60, 130, 1, '2022-01-12 11:32:56', NULL),
(70, 'R Pre lightning hair upto waist ', 1500, 60, 150, 1, '2022-01-12 11:35:13', NULL),
(71, 'R smoothning fringe ', 700, 120, 70, 1, '2022-01-12 11:38:20', NULL),
(72, 'R smoothing hair upto neck ', 2800, 281, 280, 1, '2022-01-12 11:39:38', NULL),
(73, 'R smoothning hair upto shoulder ', 4000, 281, 400, 1, '2022-01-12 11:41:13', NULL),
(74, 'R Smoothning hair below shoulder ', 4400, 281, 440, 1, '2022-01-12 11:42:17', NULL),
(75, 'R smoothning hair upto waist ', 5800, 281, 580, 1, '2022-01-12 11:43:04', NULL),
(76, 'R protein treatment step one', 500, 20, 50, 1, '2022-01-12 11:45:35', NULL),
(77, 'R protein treatment step two ', 500, 20, 50, 1, '2022-01-12 11:47:05', NULL),
(78, 'R keratin  fringe', 700, 120, 70, 1, '2022-01-12 11:48:38', NULL),
(79, 'R keratin hair upto neck ', 2800, 264, 280, 1, '2022-01-12 11:49:40', '2022-01-12 11:49:58'),
(80, 'R keratin hair upto shoulder ', 4000, 264, 400, 1, '2022-01-12 11:50:50', NULL),
(81, 'R keratin hair below shoulder ', 4400, 264, 440, 1, '2022-01-12 11:51:29', NULL),
(82, 'R keratin hair upto waist ', 5800, 264, 580, 1, '2022-01-12 11:52:07', NULL),
(83, 'R Bleach and Dtan Under Arms', 200, 20, 20, 1, '2022-01-12 11:54:42', '2022-01-12 12:06:22'),
(84, 'R Bleach and Dtan face', 300, 15, 30, 1, '2022-01-12 11:56:17', '2022-01-12 12:06:28'),
(85, 'R Bleach and Dtan Neck', 200, 20, 20, 1, '2022-01-12 11:56:46', '2022-01-12 12:06:34'),
(86, 'R Bleach and Dtan Full arms', 300, 20, 30, 1, '2022-01-12 11:57:18', '2022-01-12 12:06:12'),
(87, 'R Bleach and Dtan Full legs', 600, 30, 60, 1, '2022-01-12 11:57:40', '2022-01-12 12:06:05'),
(88, 'R Bleach and Dtan Half arms', 150, 20, 15, 1, '2022-01-12 11:58:30', '2022-01-12 12:05:59'),
(89, 'R Bleach and Dtan Half legs', 300, 30, 30, 1, '2022-01-12 12:00:18', '2022-01-12 12:05:52'),
(90, 'R Bleach and Dtan Full front', 500, 30, 50, 1, '2022-01-12 12:00:43', '2022-01-12 12:05:45'),
(91, 'R Bleach and Dtan Half front', 300, 30, 30, 1, '2022-01-12 12:01:05', '2022-01-12 12:05:24'),
(92, 'R Bleach and Dtan Full back', 500, 30, 50, 1, '2022-01-12 12:01:24', '2022-01-12 12:05:17'),
(93, 'R Bleach and Dtan Half back', 300, 30, 30, 1, '2022-01-12 12:01:42', '2022-01-12 12:05:11'),
(94, 'R Bleach and Dtan Stomach', 300, 30, 30, 1, '2022-01-12 12:02:14', '2022-01-12 12:05:02'),
(95, 'R Bleach and Dtan feet', 200, 20, 20, 1, '2022-01-12 12:02:36', '2022-01-12 12:04:55'),
(96, 'R Bleach and Dtan Full body', 2000, 60, 200, 1, '2022-01-12 12:02:54', '2022-01-12 12:04:43'),
(97, 'R Waxing Under arms Regular', 50, 10, 5, 1, '2022-01-12 12:07:56', NULL),
(98, 'R Waxing Under arms Lipo', 100, 10, 10, 1, '2022-01-12 12:08:22', NULL),
(99, 'R Waxing Under arms Brazilian', 100, 10, 10, 1, '2022-01-12 12:08:48', NULL),
(100, 'R Waxing full arms regular', 200, 40, 20, 1, '2022-01-12 12:09:27', NULL),
(101, 'R Waxing Full arms Lipo', 300, 40, 30, 1, '2022-01-12 12:12:07', NULL),
(102, 'R Waxing Half arms regular', 100, 30, 10, 1, '2022-01-12 12:12:30', NULL),
(103, 'R Waxing Half arms Lipo', 300, 30, 30, 1, '2022-01-12 12:13:09', NULL),
(104, 'R Waxing Full legs Regular', 400, 60, 40, 1, '2022-01-12 12:13:38', NULL),
(105, 'R Waxing Full legs lipo', 600, 60, 60, 1, '2022-01-12 12:14:03', NULL),
(106, 'R Waxing Half legs regular', 200, 40, 20, 1, '2022-01-12 12:14:40', NULL),
(107, 'R Waxing Half legs Lipo', 300, 40, 30, 1, '2022-01-12 12:15:01', NULL),
(108, 'R Waxing full front regular', 200, 40, 20, 1, '2022-01-12 12:15:35', NULL),
(109, 'R Waxing Full front lipo', 400, 40, 40, 1, '2022-01-12 12:16:11', NULL),
(110, 'R Waxing Half front regular', 100, 30, 10, 1, '2022-01-12 12:16:39', NULL),
(111, 'R Waxing Half front Lipo', 200, 30, 20, 1, '2022-01-12 12:17:22', NULL),
(112, 'R Waxing Full back regular', 200, 40, 20, 1, '2022-01-12 12:19:17', NULL),
(113, 'R Waxing Full back Lipo', 400, 40, 40, 1, '2022-01-12 12:19:41', NULL),
(114, 'R Waxing Half back regular', 100, 30, 10, 1, '2022-01-12 12:20:07', NULL),
(115, 'R Waxing Half back Lipo', 200, 30, 20, 1, '2022-01-12 12:20:27', NULL),
(116, 'R Waxing Stomach regular', 100, 40, 10, 1, '2022-01-12 12:21:30', NULL),
(117, 'R Waxing Stomach lipo', 200, 40, 20, 1, '2022-01-12 12:21:53', NULL),
(118, 'R Waxing B wax regular', 600, 20, 60, 1, '2022-01-12 12:23:27', NULL),
(119, 'R Waxing B wax lipo', 1000, 20, 100, 1, '2022-01-12 12:23:49', NULL),
(120, 'R Waxing B Wax brazilian', 1000, 20, 100, 1, '2022-01-12 12:24:27', NULL),
(121, 'R Waxing Full body regular', 1000, 90, 100, 1, '2022-01-12 12:24:55', NULL),
(122, 'R Waxing full body Lipo ', 2000, 90, 200, 1, '2022-01-12 12:25:26', NULL),
(123, 'Waxing Brazilian Upper lips', 50, 10, 5, 1, '2022-01-12 12:26:30', NULL),
(124, 'Waxing Brazilian Chin', 50, 10, 5, 1, '2022-01-12 12:26:49', NULL),
(125, 'Waxing Brazilian Face', 400, 40, 40, 1, '2022-01-12 12:27:22', NULL),
(126, 'Waxing Brazilian Jaw line', 50, 10, 5, 1, '2022-01-12 12:28:16', NULL),
(127, 'Waxing Brazilian Side locks', 100, 15, 10, 1, '2022-01-12 12:28:35', NULL),
(128, 'Threading Eyebrow', 50, 20, 5, 1, '2022-01-12 12:29:06', NULL),
(129, 'Threading Upper lips', 10, 10, 1, 1, '2022-01-12 12:29:53', NULL),
(130, 'Threading Chin', 10, 10, 1, 1, '2022-01-12 12:30:10', NULL),
(131, 'Threading Forehead', 20, 10, 2, 1, '2022-01-12 12:30:29', NULL),
(132, 'Threading Jawline', 40, 10, 4, 1, '2022-01-12 12:30:48', NULL),
(133, 'Threading Sidelocks', 20, 15, 2, 1, '2022-01-12 12:31:12', NULL),
(134, 'Threading Full face', 100, 40, 10, 1, '2022-01-12 12:31:33', NULL),
(135, 'A Director Cut', 150, 45, 15, 1, '2022-01-16 06:31:31', NULL),
(136, 'A MASTER CUT', 120, 45, 12, 1, '2022-01-16 06:32:45', NULL),
(137, 'A SHAVING', 50, 20, 5, 1, '2022-01-16 06:36:04', NULL),
(138, 'A PREMIUM SHAVING', 80, 20, 8, 1, '2022-01-16 06:36:41', NULL),
(139, 'A BEARD SET', 60, 20, 6, 1, '2022-01-16 06:37:08', NULL),
(140, 'A PREMIUM BEARD SET ', 80, 25, 8, 1, '2022-01-16 06:37:39', NULL),
(141, 'A CLEANSING HAIRBATH', 50, 12, 5, 1, '2022-01-16 06:39:07', NULL),
(142, 'A RELAXING HAIRBATH', 100, 12, 10, 1, '2022-01-16 06:39:44', NULL),
(143, 'A STYLING', 50, 10, 5, 1, '2022-01-16 06:40:03', NULL),
(144, 'A FACE WASH', 50, 5, 5, 1, '2022-01-16 06:40:27', NULL),
(145, 'A STANDARD HEAD MASSAGE', 200, 15, 20, 1, '2022-01-16 06:41:46', NULL),
(146, 'A PREMIUM HEAD MASSAGE', 400, 30, 40, 1, '2022-01-16 06:42:19', NULL),
(147, 'A STANDARD HAIRSPA', 500, 30, 50, 1, '2022-01-16 06:43:04', NULL),
(148, 'A PREMIUM HAIRSPA', 1000, 45, 100, 1, '2022-01-16 06:43:28', NULL);

--
-- Indexes for dumped tables
--

--
-- Indexes for table `admin`
--
ALTER TABLE `admin`
  ADD PRIMARY KEY (`id`);

--
-- Indexes for table `appointment`
--
ALTER TABLE `appointment`
  ADD PRIMARY KEY (`id`);

--
-- Indexes for table `customer`
--
ALTER TABLE `customer`
  ADD PRIMARY KEY (`id`);

--
-- Indexes for table `custservices`
--
ALTER TABLE `custservices`
  ADD PRIMARY KEY (`id`);

--
-- Indexes for table `employee`
--
ALTER TABLE `employee`
  ADD PRIMARY KEY (`id`);

--
-- Indexes for table `empservices`
--
ALTER TABLE `empservices`
  ADD PRIMARY KEY (`id`);

--
-- Indexes for table `enquiry`
--
ALTER TABLE `enquiry`
  ADD PRIMARY KEY (`id`);

--
-- Indexes for table `otp`
--
ALTER TABLE `otp`
  ADD PRIMARY KEY (`id`);

--
-- Indexes for table `payment`
--
ALTER TABLE `payment`
  ADD PRIMARY KEY (`id`);

--
-- Indexes for table `point`
--
ALTER TABLE `point`
  ADD PRIMARY KEY (`id`);

--
-- Indexes for table `serviceslist`
--
ALTER TABLE `serviceslist`
  ADD PRIMARY KEY (`id`);

--
-- AUTO_INCREMENT for dumped tables
--

--
-- AUTO_INCREMENT for table `admin`
--
ALTER TABLE `admin`
  MODIFY `id` int(11) NOT NULL AUTO_INCREMENT, AUTO_INCREMENT=3;

--
-- AUTO_INCREMENT for table `appointment`
--
ALTER TABLE `appointment`
  MODIFY `id` int(11) NOT NULL AUTO_INCREMENT, AUTO_INCREMENT=102;

--
-- AUTO_INCREMENT for table `customer`
--
ALTER TABLE `customer`
  MODIFY `id` int(11) NOT NULL AUTO_INCREMENT, AUTO_INCREMENT=979;

--
-- AUTO_INCREMENT for table `custservices`
--
ALTER TABLE `custservices`
  MODIFY `id` int(11) NOT NULL AUTO_INCREMENT, AUTO_INCREMENT=191;

--
-- AUTO_INCREMENT for table `employee`
--
ALTER TABLE `employee`
  MODIFY `id` int(11) NOT NULL AUTO_INCREMENT, AUTO_INCREMENT=24;

--
-- AUTO_INCREMENT for table `empservices`
--
ALTER TABLE `empservices`
  MODIFY `id` int(11) NOT NULL AUTO_INCREMENT, AUTO_INCREMENT=13;

--
-- AUTO_INCREMENT for table `enquiry`
--
ALTER TABLE `enquiry`
  MODIFY `id` int(11) NOT NULL AUTO_INCREMENT, AUTO_INCREMENT=5;

--
-- AUTO_INCREMENT for table `otp`
--
ALTER TABLE `otp`
  MODIFY `id` int(11) NOT NULL AUTO_INCREMENT, AUTO_INCREMENT=6;

--
-- AUTO_INCREMENT for table `payment`
--
ALTER TABLE `payment`
  MODIFY `id` int(11) NOT NULL AUTO_INCREMENT, AUTO_INCREMENT=19;

--
-- AUTO_INCREMENT for table `point`
--
ALTER TABLE `point`
  MODIFY `id` int(11) NOT NULL AUTO_INCREMENT, AUTO_INCREMENT=33;

--
-- AUTO_INCREMENT for table `serviceslist`
--
ALTER TABLE `serviceslist`
  MODIFY `id` int(11) NOT NULL AUTO_INCREMENT, AUTO_INCREMENT=149;
COMMIT;

/*!40101 SET CHARACTER_SET_CLIENT=@OLD_CHARACTER_SET_CLIENT */;
/*!40101 SET CHARACTER_SET_RESULTS=@OLD_CHARACTER_SET_RESULTS */;
/*!40101 SET COLLATION_CONNECTION=@OLD_COLLATION_CONNECTION */;
